시도교육청코드,시도교육청명,행정구역명,학원교습소명,학원지정번호,학원명,개설일자,등록일자,등록상태명,휴원시작일자,휴원종료일자,정원합계,일시수용능력인원합계,분야명,교습계열명,교습과정목록명,교습과정명,인당수강료,수강료공개여부,기숙사학원여부,도로명주소,도로명상세주소,도로명우편번호,전화번호,수정일자
F10,광주광역시교육청,동구,교습소,3000013793,5차원전면학습국어논술교습소,20180523,20180518,개원,        ,99991231,27,9,입시.검정 및 보습,보통교과,국어논술(고등),보습·논술,"국어논술(고등):210000, 국어논술(초등)A:140000, 국어논술(초등)B:180000, 국어논술(중등):170000",Y,N,광주광역시 동구 무등로375번길 22,", 2층 (계림동)",61404,,20260208
F10,광주광역시교육청,동구,교습소,3000015214,ALL(올)바른수학교습소,20220215,20220215,개원,        ,99991231,16,7,입시.검정 및 보습,보통교과,초등수학A,보습,"초등수학A:200000, 초등수학B:180000, 초등수학C:120000, 중등수학A:250000, 중등수학B:210000, 중등수학C:170000, 고등수학A:300000, 고등수학B:260000, 고등수학C:220000",Y,N,광주광역시 동구 경양로 336,", 4층 전체 (산수동)",61432,,20241222
F10,전남광주통합특별시교육청(광주),동구,교습소,3000020317,Jessie English(제시잉글리시)영어교습소,20260706,20260706,개원,        ,        ,0,6,입시.검정 및 보습,,,, ,Y, ,전남광주통합특별시 동구 육판서길 17,"1층 106호(내남동,내남지구2차진아리채)",61514,010-8507-1025,20260712
F10,광주광역시교육청,동구,교습소,3000014671,감성미술교습소,20200625,20200625,개원,        ,99991231,42,7,예능(대),예능(중),,미술, ,Y,N,광주광역시 동구 육판서길 17,", 상가동 207호 (내남동, 내남지구2차진아리채)",61514,062-234-5002,20231018
F10,광주광역시교육청,동구,교습소,3000015217,관악수학교습소,20220217,20220217,개원,        ,99991231,18,6,입시.검정 및 보습,보통교과,수학(초등)A,보습,"수학(초등)A:200000, 수학(초등)B:200000, 수학(중등)A:220000, 수학(중등)B:230000, 수학(고등)A:300000, 수학(고등)B:310000",Y,N,광주광역시 동구 경양로 234,", 상가 108동 432호 (계림동, 그랜드센트럴)",61424,null,20241222
F10,광주광역시교육청,동구,교습소,3000019944,국어문해력독서배가속독국어교습소,20250526,20250526,개원,        ,        ,0,9,입시.검정 및 보습,보통교과,독서문해력(초등),보습,"독서문해력(초등):130000, 독서문해력(중등):130000",Y, ,광주광역시 동구 용산3길 10,(용산동) 1층 일부,61508,,20250817
F10,전남광주통합특별시교육청(광주),동구,교습소,3000020316,국자감국어자신감국어교습소,20260706,20260706,개원,        ,        ,0,7,입시.검정 및 보습,,,, ,Y, ,전남광주통합특별시 동구 중앙로290번길 16,"상가 112호(2층12호)(계림동,두산위브더파크)",61413,010-4606-7428,20260712
F10,광주광역시교육청,동구,교습소,867,그림그리는집미술교습소,20020525,20020525,개원,        ,99991231,9,9,예능(대),예능(중),미술(초급B),미술,"미술(초급B):150000, 미술(중급A):100000, 미술(초급A):80000",Y,N,광주광역시 동구 무등로 374,", 두산위브 상가 303, 304, 305호 (계림동, 두산위브)",61412,062-523-5709,20260412
F10,광주광역시교육청,동구,교습소,4841,김미숙클래스음악교습소,20071116,20071116,개원,        ,99991231,30,5,예능(대),예능(중),피아노초급,음악,"피아노초급:130000, 피아노중급:140000, 피아노고급:150000, 플루트초급:130000, 플루트중급:140000, 플루트고급:150000",Y,N,광주광역시 동구 무등로 374,", 두산위브상가 301호,302호(3층) (계림동,두산위브)",501750,062-225-0669,20250202
F10,광주광역시교육청,동구,교습소,3000012203,김수지논술교습소,20150318,20150318,개원,        ,99991231,30,6,입시.검정 및 보습,보통교과,초등논술A,보습,"초등논술A:150000, 초등논술B:160000, 중등논술A:180000, 중등논술B:200000, 고등논술A:250000, 고등논술B:270000",Y,N,광주광역시 동구 밤실로 147,", 313호 (산수동, 두암타운)",501752,null,20240609
F10,광주광역시교육청,동구,교습소,1174,김용순교습소,19800812,19800812,개원,        ,99991231,0,0,예능(대),예능(중),,음악, ,N,N,광주광역시 동구 서석로 26,(광산동),501180,,20231018
F10,광주광역시교육청,동구,교습소,4029,김은란과학교습소,20061027,20061027,개원,        ,99991231,45,9,입시.검정 및 보습,보통교과,과학(초등),보습, ,Y,N,광주광역시 동구 밤실로136번길 4-1,", 2층  (산수동)",501816,062-263-0103,20231018
F10,광주광역시교육청,동구,교습소,2500000360,김은숙피아노교습소,19850510,19850510,개원,        ,99991231,0,0,예능(대),예능(중),,음악, ,N,N,광주광역시 동구 구성로238번길 25,", 1층 (계림동)",61428,,20231018
F10,광주광역시교육청,동구,교습소,3000015647,김지영수학교습소,20230413,20230413,개원,        ,99991231,40,5,입시.검정 및 보습,보통교과,,보습, ,Y,N,광주광역시 동구 남문로 589,", 404동 305호 (용산동, 무등산골드클래스2차)",61504,,20231018
F10,광주광역시교육청,동구,교습소,3000020033,김태유영어교습소,20250901,20250901,개원,        ,        ,0,5,입시.검정 및 보습,,,, ,Y, ,광주광역시 동구 동명로 98,(지산동),61445,,20250907
F10,광주광역시교육청,동구,교습소,4830,꿈꾸는책벌레국어논술교습소,20071113,20071113,개원,        ,99991231,8,4,입시.검정 및 보습,보통교과,국어논술(초등),보습,"국어논술(초등):140000, 국어논술(중등):170000, 국어논술(고등):240000",Y,N,광주광역시 동구 무등로 374,", 두산위브상가 306호, 307호 (3층) (계림동,두산위브)",501750,062-236-3979,20241222
F10,전남광주통합특별시교육청(광주),동구,교습소,3000020322,놀작 Bird and bud(버댄버드) 미술교습소,20260707,20260707,개원,        ,        ,0,0,예능(대),예능(중),베이직1(중급),미술,"베이직1(중급):140000, 베이직2(중급):140000, 베이직C(중급):140000, 챌린지(중급):140000, 원데이(중급):35000",Y, ,전남광주통합특별시 동구 육판서길 17,"상가동 104호 (내남동,내남지구2차진아리채)",61514,010-4522-2145,20260712
F10,광주광역시교육청,동구,교습소,5532,능률주니어랩영어교습소,20081030,20081030,개원,        ,99991231,54,9,입시.검정 및 보습,보통교과,영어(중등),보습,"영어(중등):230000, 영어(초등A):190000, 영어(초등B):215000",Y,N,광주광역시 동구 무등로 374,", 308호, 309호, 310호 (계림동, 두산위브)",61412,062-234-5105,20251207
F10,광주광역시교육청,동구,교습소,3000017969,다니엘울림영어교습소,20240521,20240521,개원,        ,        ,0,9,입시.검정 및 보습,,,, ,Y, ,광주광역시 동구 남문로 307,", 216동 103호(월남동,월남호반베르디움 2차)",61514,,20240526
F10,광주광역시교육청,동구,교습소,3000014674,더뮤즈피아노음악교습소,20200625,20200623,개원,        ,99991231,36,6,예능(대),예능(중),피아노(초급),음악,"피아노(초급):140000, 피아노(중급A):150000, 피아노(중급B):160000, 피아노(고급):170000",Y,N,광주광역시 동구 육판서길 17,", 상가동 208호 (내남동, 내남지구2차진아리채)",61514,,20260301
F10,광주광역시교육청,동구,교습소,3000015699,독서공간리드인독서논술교습소,20230628,20230628,개원,        ,        ,0,7,입시.검정 및 보습,보통교과,독서논술(초등A),보습,"독서논술(초등A):100000, 독서논술(초등B):183000, 독서논술(초등C):220000",Y,N,광주광역시 동구 경양로 234,"107동 상가 343호(계림동, 그랜드센트럴)",61424,,20251005
F10,광주광역시교육청,동구,교습소,6044,라벨피아노교습소,20090709,20090709,개원,        ,99991231,20,5,예능(대),예능(중),피아노(중급A),음악,"피아노(중급A):130000, 피아노(고급A):140000, 피아노(고급B):150000, 피아노(입시):180000",Y,N,광주광역시 동구 제봉로82번길 23,", 1층 (서석동, 라벨피아노외)",61465,062-228-9660,20260405
F10,광주광역시교육청,동구,교습소,3000019751,리드인논술을만나다국어논술교습소,20241021,20241021,개원,        ,        ,0,9,입시.검정 및 보습,,,, ,Y, ,광주광역시 동구 남문로 343,(월남동) 301호 일부,61514,,20241103
F10,광주광역시교육청,동구,교습소,3000014971,리드인독서논술교습소,20210623,20210623,개원,        ,99991231,56,9,입시.검정 및 보습,보통교과,논술(중등B),보습·논술,"논술(중등B):140000, 논술(초등A):165000, 논술(초등B):210000, 논술(중등A):240000",Y,N,광주광역시 동구 필문대로 70,"상가C동 B103호,B104호 (계림동,계림아이파크SK뷰)",61404,,20260215
F10,광주광역시교육청,동구,교습소,3000015664,리브로아르츠동구센트럴점미술교습소,20230428,20230428,개원,        ,99991231,24,8,예능(대),예능(중),초급,미술,"초급:130000, 중급:130000, 입시반:160000",Y,N,광주광역시 동구 경양로 234,", 116동 602호 (계림동, 그랜드센트럴상가)",61424,null,20250525
F10,광주광역시교육청,동구,교습소,3536,마노아음악교습소,20060220,20060220,개원,        ,99991231,42,9,예능(대),예능(중),피아노(초급),음악,"피아노(초급):150000, 피아노(중급):160000, 피아노(고급):170000, 플룻(초급):160000, 플룻(중급):170000, 플룻(고급):180000, 오카리나(중급):160000",Y,N,광주광역시 동구 필문대로 70,"(계림동,계림아이파크SK뷰)상가C동 B109호",61404,062-527-5242,20260125
F10,광주광역시교육청,동구,교습소,2500000366,명음피아노교습소,19880506,19880506,개원,        ,99991231,0,0,예능(대),예능(중),초급피아노A,음악,"초급피아노A:48000, 초급피아노B:48000, 중급피아노:26000, 고급피아노:30000",N,N,광주광역시 동구 지산로85번길 15-10,(지산동),501838,062-232-4832,20260315
F10,광주광역시교육청,동구,교습소,898,명인피아노교습소,20020913,20020913,개원,        ,99991231,12,4,예능(대),예능(중),피아노(초급),음악,"피아노(초급):130000, 피아노(중급):140000, 피아노(고급):150000",Y,N,광주광역시 동구 준법로 32-1,", 3층 (지산동)",501836,062-224-6781,20250608
F10,광주광역시교육청,동구,교습소,3000013954,문쌤수학교습소,20180914,20180914,개원,        ,99991231,16,4,입시.검정 및 보습,보통교과,,보습, ,Y,N,광주광역시 동구 밤실로30번길 4-3,", 3층일부 (지산동)",61443,,20231018
F10,광주광역시교육청,동구,교습소,3000015645,뮤엠영어계림점영어교습소,20230411,20230411,개원,        ,99991231,49,7,입시.검정 및 보습,보통교과,,보습, ,Y,N,광주광역시 동구 무등로 374,", 상가동 103호 (계림동, 두산위브)",61412,,20231018
F10,전남광주통합특별시교육청(광주),동구,교습소,3000015150,미래엔영어소태영어교습소,20211224,20211224,개원,        ,99991231,35,7,입시.검정 및 보습,보통교과,중등기본과정,보습,"중등기본과정:210000, 초등파닉스:170000, 초등기본과정:180000",Y,N,전남광주통합특별시 동구 남문로 612-9,", 2층 (소태동)",61500,062-229-7077,20260809
F10,광주광역시교육청,동구,교습소,2500000391,미솔음악교습소,19970530,19970530,개원,        ,99991231,64,8,예능(대),예능(중),,음악,"성악(초급):120000, 성악(중급):140000, 성악(고급):150000, 피아노A(초급):110000, 피아노B(초급):120000, 피아노C(초급):130000, 피아노(중급):140000, 피아노(고급):160000, 피아노(초급):120000, 피아노(중급):130000, 피아노(고급A):140000, 피아노(고급B):150000, 성악(초급):50000, 성악(중급):57000, 성악(고급):65000",Y,N,광주광역시 동구 남문로622번길 11-1,", 1층 일부 (소태동)",61498,062-228-1661,20231018
F10,광주광역시교육청,동구,교습소,3000017888,바른수학교습소,20240304,20240304,개원,        ,        ,0,9,입시.검정 및 보습,보통교과,초등수학A-1,보습,"초등수학A-1:100000, 초등수학A-2:120000, 초등수학A-3:200000, 초등수학A-4:220000, 초등수학B-1:200000, 초등수학B-2:220000, 초등수학A-5:230000, 초등수학A-6:240000, 중등수학C-1:230000, 중등수학C-2:250000, 중등수학D:150000",Y, ,광주광역시 동구 경양로 234,"(계림동,그랜드센트럴상가동) 107동 333호",61424,,20260301
F10,광주광역시교육청,동구,교습소,3000013740,바림미술교습소,20180409,20180409,개원,        ,99991231,21,7,예능(대),예능(중),,미술, ,Y,N,광주광역시 동구 필문대로206번길 12-1,", 1층 일부 (산수동)",61433,,20231018
F10,광주광역시교육청,동구,교습소,3000013763,박소정영어교습소,20180427,20180427,개원,        ,99991231,30,6,입시.검정 및 보습,보통교과,초등영어,보습,"초등영어:210000, 중등영어:240000, 고등영어A:290000, 고등영어B:340000",Y,N,광주광역시 동구 남문로 672,", 2층일부 (학동)",61463,null,20250330
F10,광주광역시교육청,동구,교습소,3000015582,브릿비영어교습소,20230209,20230209,개원,        ,99991231,35,5,입시.검정 및 보습,보통교과,,보습, ,Y,N,광주광역시 동구 남문로 589,", 307호 (용산동, 무등산골드클래스2차)",61504,,20231018
F10,광주광역시교육청,동구,교습소,3000020283,비비드영어교습소,20260514,20260514,개원,        ,        ,0,0,국제화,외국어,실용영어A,실용외국어(유아/초·중·고),"실용영어A:220000, 실용영어B:240000, 실용영어C:70000, 중등영어A:250000, 중등영어B:270000",Y, ,광주광역시 동구 무등로 373,교대역모아엘가그랑데 단지내 근린생활시설 152동B115호(계림동),61403,,20260628
F10,광주광역시교육청,동구,교습소,3000017989,비상잉글리시아이내남영어교습소,20240614,20240614,개원,        ,        ,0,6,입시.검정 및 보습,보통교과,초등영어A,보습,"초등영어A:210000, 초등영어B:220000, 중등영어:230000",Y, ,광주광역시 동구 육판서길 17,"(내남동,내남지구2차진아리채 상가동) 103호",61514,,20250406
F10,광주광역시교육청,동구,교습소,3000013978,사랑음악교습소,20181010,20181010,개원,        ,99991231,30,5,예능(대),예능(중),피아노(초급),음악,"피아노(초급):120000, 피아노(중급):130000, 피아노(고급):140000, 입시반:150000, 기타:110000, 우쿨렐레:110000, 플룻:110000, 바이올린:110000, 드럼:110000, 성악:110000",Y,N,광주광역시 동구 밤실로30번길 8,", 1층일부 (지산동)",61443,null,20240929
F10,광주광역시교육청,동구,교습소,3000011719,상상놀이미술교습소,20140324,20140324,개원,        ,99991231,54,9,예능(대),예능(중),초급미술A,음악,"초급미술A:110000, 초급미술B:90000, 초급미술C:70000, 고급미술A:120000, 고급미술B:10000, 고급미술C:90000",Y,N,광주광역시 동구 밤실로 154,", (5층일부) (산수동)",501823,062-262-6440,20231018
F10,광주광역시교육청,동구,교습소,4387,샘터수학교습소,20070326,20070326,개원,        ,99991231,24,6,입시.검정 및 보습,보통교과,수학(초등),보습,"수학(초등):150000, 수학(중등):200000",Y,N,광주광역시 동구 제봉로82번길 23,", 2층 (서석동)",501824,062-225-4262,20260315
F10,광주광역시교육청,동구,교습소,3000020061,성지수학교습소,20251017,20251017,개원,        ,        ,0,6,입시.검정 및 보습,,,, ,Y, ,광주광역시 동구 동계로 38,"121동11호(산수동,무등산 그린웰로제비앙)",61416,010-8732-3084,20251019
F10,전남광주통합특별시교육청(광주),동구,교습소,3000014168,세연수학교습소,20190311,20190311,개원,        ,99991231,32,4,입시.검정 및 보습,보통교과,초등A,보습,"초등A:137000, 초등B:178000, 중등A:223000, 중등B:250000, 고등A:234000, 고등B:307000, 초등C:190000, 중등C:214000",Y,N,전남광주통합특별시 동구 밤실로 100,", 202호 (산수동)",61410,,20260816
F10,광주광역시교육청,동구,교습소,3000015351,센트럴피아노음악교습소,20220628,20220628,개원,        ,99991231,56,7,예능(대),예능(중),,음악,"피아노(초급):140000, 피아노(중급):150000, 피아노(고급):160000, 리코더·오카리나 등(초급):70000, 피아노(초급)A:140000, 피아노(초급)B:130000, 피아노(중급)A:120000, 피아노(중급)B:150000, 피아노(고급):160000, 리코더, 오카리나, 우쿨렐레 등(초급):70000",Y,N,광주광역시 동구 경양로 234,", 108동 442호 (계림동, 그랜드센트럴)",61424,,20231018
F10,광주광역시교육청,동구,교습소,3000017725,셀파우등생교실수학교습소,20230912,20230912,개원,        ,        ,0,9,입시.검정 및 보습,보통교과,초등수학,보습,"초등수학:250000, 중등수학:270000, 고등수학:350000",Y, ,광주광역시 동구 용산1길 2,"212동 근생2 106호(용산동,계룡리슈빌 더 포레스트)",61508,,20250831
F10,광주광역시교육청,동구,교습소,932,소리피아노교습소,19831116,19831116,개원,        ,99991231,24,4,예능(대),예능(중),피아노(초급),음악, ,Y,N,광주광역시 동구 학소로62번길 7-1,", 1층 (소태동)",61501,062-225-5831,20231018
F10,광주광역시교육청,동구,교습소,6992,송선생수학교습소,20100622,20100622,개원,        ,99991231,35,5,입시.검정 및 보습,보통교과,초등수학,보습,"초등수학:180000, 중등수학:200000, 고등수학학:400000",Y,N,광주광역시 북구 서하로 332,"(오치동), 2층",61132,062-223-4409,20231113
F10,광주광역시교육청,동구,교습소,948,송은피아노교습소,19910406,19910406,개원,        ,99991231,6,6,예능(대),예능(중),,음악, ,N,N,광주광역시 동구 무등로449번길 31,", 1층 (산수동)",61406,062-529-7713,20231018
F10,전남광주통합특별시교육청(광주),동구,교습소,3000020335,쇼팽피아노교습소,20260721,20260721,개원,        ,        ,0,5,예능(대),예능(중),피아노 초급,음악,"피아노 초급:150000, 피아노 고급:170000, 피아노 중급:160000",Y, ,전남광주통합특별시 동구 무등로 373,", 153동 B125호(계림동,교대역모아엘가그랑데)",61403,,20260726
F10,광주광역시교육청,동구,교습소,3000019719,수학길수학교습소,20240829,20240829,개원,        ,        ,0,9,입시.검정 및 보습,보통교과,중등수학A,보습,"중등수학A:140000, 중등수학B:210000, 고등수학A:190000, 고등수학B:290000, 고등수학C:420000",Y, ,광주광역시 동구 용산1길 2,"용산지구 2BL계룡리슈빌더포레스트 근린생활시설-2 212동 108호(용산동,계룡리슈빌 더 포레스트)",61508,,20241222
F10,광주광역시교육청,동구,교습소,3000015170,시너리미술교습소,20220106,20220106,개원,        ,99991231,36,9,예능(대),예능(중),,미술,"크로키반(초급):50000, 소묘(중급):70000, 미술(고급):80000, 수채화반(고급):160000, 아크릴반(고급):160000, 정규반(고급):70000, 탄력반(고급):110000, 종일반(고급):140000",Y,N,광주광역시 동구 밤실로 100,", 203호 (산수동)",61410,,20231018
F10,전남광주통합특별시교육청(광주),동구,교습소,6406,아이비티주니어영어교습소,20091027,20091027,개원,        ,99991231,25,5,입시.검정 및 보습,보통교과,영어(초등),보습,"영어(초등):200000, 영어(중등):230000, 영어(고등):350000",Y,N,전남광주통합특별시 동구 운림길 58,", 202 (운림동,라인.광명아파트)",501833,062-226-9898,20260823
F10,전남광주통합특별시교육청(광주),동구,교습소,3000020310,아이인아트미술교습소,20260702,20260702,개원,        ,        ,0,9,예능(대),,,, ,Y, ,전남광주통합특별시 동구 무등로 373,"153동 b126호(계림동,교대역모아엘가그랑데)",61403,010-4447-8568,20260712
F10,광주광역시교육청,동구,교습소,3000014991,에듀비젼수학교습소,20210713,20210713,개원,        ,99991231,24,9,입시.검정 및 보습,보통교과,초등수학,보습,"초등수학:234000, 중등수학:338400, 고등수학:460800",Y,N,광주광역시 동구 무등로 388-3,", 4층 401호(계림동)",61417,,20240623
F10,광주광역시교육청,동구,교습소,3000015168,에스앤에스음악교습소,20220115,20220108,개원,        ,99991231,72,9,예능(대),예능(중),,음악,"성악(초급):79200, 성악(중급):105600, 성악(고급):132200, 보컬(초급):79200, 보컬(중급):105600, 보컬(고급):132200, 초등성악(고급):150000, 초등성악(입시):200000, 초등보컬(고급과정):150000, 초등보컬(입시과정):200000, 중등성악/보컬(입시과정):300000, 고등성악/보컬(입시과정):400000, 일반부고급과정:300000, 일반부입시과정:400000",Y,N,광주광역시 동구 동계천로 136,", 4층 (장동)",61436,,20231018
F10,광주광역시교육청,동구,교습소,3000017711,영어로만영어교습소,20230818,20230818,개원,        ,        ,0,9,입시.검정 및 보습,보통교과,영어(초등A),보습,"영어(초등A):200000, 영어(초등B):270000, 영어(초등C):200000, 영어(중등A):220000, 영어(중등B):260000, 영어(중등C):350000, 영어(고등A):360000, 영어(고등B):270000, 영어(고등C):250000, 특강(초등):120000, 특강(중등):150000, 특강(고등):190000",Y, ,광주광역시 동구 밤실로 152-1,3층 일부(산수동),61409,,20241229
F10,광주광역시교육청,동구,교습소,2500000341,예음피아노교습소,19961009,19961009,개원,        ,99991231,24,4,예능(대),예능(중),피아노(초급),음악,"피아노(초급):140000, 피아노(중급A):150000, 피아노(중급B):160000, 피아노(고급):170000",Y,N,광주광역시 동구 무등로 530-1,", 2층 (산수동)",61438,062-226-6533,20241229
F10,광주광역시교육청,동구,교습소,3000015307,예향음악교습소,20220511,20220511,개원,        ,99991231,45,9,예능(대),예능(중),,음악,"피아노(초급A):110000, 피아노(초급B):130000, 피아노(중급):140000, 피아노(고급):160000, 피아노(입시):500000, 작곡(입시):120000, 피아노(초급):130000, 피아노(중급):150000, 피아노(고급):170000, 피아노(입시):500000, 작곡(입시):150000",Y,N,광주광역시 동구 제봉로98번길 8,", 2층 (서석동, 예향피아노학원)",61465,,20231018
F10,광주광역시교육청,동구,교습소,3000015467,오로라발레교습소,20221109,20221109,개원,        ,99991231,45,9,예능(대),예능(중),,무용, ,Y,N,광주광역시 북구 서양로 157,", 상가 413호 (우산동, 무등산자이앤어울림아파트1단지)",61210,,20240114
F10,광주광역시교육청,동구,교습소,2500000333,우영피아노교습소,19930818,19930818,개원,        ,99991231,30,5,예능(대),예능(중),피아노(초급),음악, ,Y,N,광주광역시 동구 학소로62번길 4,", 1층 (소태동)",61501,062-226-9014,20231018
F10,광주광역시교육청,동구,교습소,5273,월민한문교습소,20080611,20080611,개원,        ,99991231,45,9,입시.검정 및 보습,보통교과,한문,보습, ,Y,N,광주광역시 동구 의재로 149-7,", 라인아파트상가 209호 (운림동,라인2차아파트)",501834,062-226-2405,20231018
F10,광주광역시교육청,동구,교습소,3000015432,위위아트미술교습소,20220915,20220915,개원,        ,99991231,45,9,예능(대),예능(중),초등미술A(초급),미술,"초등미술A(초급):130000, 초등미술B(초급):140000, 초등미술C(초급):150000, 초등미술D(초급):170000, 초등미술A(중급):90000, 초등미술A(고급):100000, 중등미술A(입시):190000",Y,N,광주광역시 동구 남문로 589,", 상가 403동 205호 (용산동, 무등산골드클래스2차)",61504,null,20250216
F10,광주광역시교육청,동구,교습소,3000017714,이루다영어교습소,20230825,20230825,개원,        ,        ,0,9,입시.검정 및 보습,,,, ,Y, ,광주광역시 동구 필문대로 70,"상가A동 108호, 109호(계림동,계림아이파크SK뷰)",61404,,20251019
F10,광주광역시교육청,동구,교습소,3000017788,이태영수학교습소,20231207,20231207,개원,        ,        ,0,9,입시.검정 및 보습,보통교과,수학(초등A),보습,"수학(초등A):190000, 수학(초등B):200000, 수학(초등C):210000, 수학(중등A):230000, 수학(중등B):240000, 수학(중등C):250000, 수학(고등A):300000",Y, ,광주광역시 동구 남문로622번길 17,", 1층(소태동)",61498,,20250629
F10,광주광역시교육청,동구,교습소,3000014405,작은손음악교습소,20190930,20190930,개원,        ,99991231,30,6,예능(대),예능(중),,음악, ,Y,N,광주광역시 동구 화산로 328-6,", 상가동 103호 (용산동, 호반아파트)",61509,,20231018
F10,광주광역시교육청,동구,교습소,3000012380,전대예원음악교습소,20150728,20150728,개원,        ,99991231,42,6,예능(대),예능(중),피아노(초급),음악,"피아노(초급):140000, 피아노(중급):150000, 피아노(고급):150000",Y,N,광주광역시 동구 무등로 374,", 201호, 202호 (계림동, 두산위브)",61412,null,20241222
F10,광주광역시교육청,동구,교습소,3000018023,정석수학교습소,20240711,20240711,개원,        ,        ,0,7,입시.검정 및 보습,보통교과,초등수학,보습,"초등수학:240000, 중등수학:300000, 고등수학:350000",Y,N,광주광역시 동구 필문대로 70,"(계림동,계림아이파크SK뷰) C상가 B113호",61404,,20250525
F10,광주광역시교육청,동구,교습소,3000017784,조형서수학교습소,20231130,20231130,개원,        ,        ,0,7,입시.검정 및 보습,보통교과,수학(고등A),보습,"수학(고등A):370000, 수학(고등B):185000, 수학(고등집중보충):80000, 수학(중등A):420000, 수학(중등B):280000, 수학(초등A):210000, 수학(초등B):140000",Y, ,광주광역시 동구 남문로 589,"404동 204호(용산동,무등산골드클래스2차)",61499,,20241222
F10,광주광역시교육청,동구,교습소,3000011492,즐거운셈수학교습소,20131017,20131017,개원,        ,99991231,30,6,입시.검정 및 보습,보통교과,수학(초등),보습,"수학(초등):140000, 수학(중등):160000",Y,N,광주광역시 동구 무등로 374,", 두산위브상가 203호 (계림동,두산위브)",501750,062-264-8355,20241222
F10,광주광역시교육청,동구,교습소,3000020085,차수학교습소,20251110,20251110,개원,        ,        ,0,0,입시.검정 및 보습,,,, ,Y, ,광주광역시 동구 육판서길 17,"상가동 205호,206호 (내남동,내남지구2차진아리채)",61514,,20251116
F10,전남광주통합특별시교육청(광주),동구,교습소,3000015454,최상위수학교습소,20221014,20221014,개원,        ,99991231,45,9,입시.검정 및 보습,보통교과,초등수학B,보습,"초등수학B:240000, 초등수학C:250000, 중등수학A:270000, 중등수학B:300000, 고등수학A:380000, 고등수학B:500000",Y,N,전남광주통합특별시 동구 필문대로 70,", 상가 123동 104호, 105호 (계림동, 계림아이파크SK뷰)",61404,null,20260823
F10,광주광역시교육청,동구,교습소,1241,최승희교습소,20110106,19850420,개원,        ,99991231,0,0,예능(대),예능(중),,음악, ,N,N,광주광역시 동구 장동로 43,(동명동),501813,062-222-3072,20231018
F10,광주광역시교육청,동구,교습소,3000020032,최창훈수학교습소,20250901,20250901,개원,        ,        ,0,4,입시.검정 및 보습,,,, ,Y, ,광주광역시 동구 동명로 98,",2층일부(지산동)",61445,,20250907
F10,광주광역시교육청,동구,교습소,3000020034,칸타빌레음악교습소,20250902,20250902,개원,        ,        ,0,5,예능(대),,,, ,Y, ,광주광역시 동구 중앙로290번길 16,",상가 2층 113호(계림동,두산위브더파크)",61413,,20250907
F10,전남광주통합특별시교육청(광주),동구,교습소,3000020209,코어영어교습소,20260223,20260223,개원,        ,        ,0,8,입시.검정 및 보습,,,, ,Y, ,전남광주통합특별시 동구 무등로375번길 11-1,3층(계림동),61403,,20260712
F10,광주광역시교육청,동구,교습소,3000020232,크리아트계림미술교습소															,20260313,20260313,개원,        ,        ,0,9,예능(대),,,, ,Y, ,광주광역시 동구 중앙로290번길 16,"근린생활시설 104호(계림동,두산위브더파크)",61413,010-7444-2541,20260329
F10,광주광역시교육청,동구,교습소,3000015663,크리아트용산미술교습소,20230427,20230427,개원,        ,99991231,65,5,예능(대),예능(중),미술(초급),미술,"미술(초급):110000, 미술(고급):150000",Y,N,광주광역시 동구 용산3길 17,", 113호 (용산동, 모아엘가 에듀파크)",61508,,20251207
F10,광주광역시교육청,동구,교습소,3000014252,클랑피아노음악교습소,20190521,20190520,개원,        ,99991231,45,9,예능(대),예능(중),,음악, ,Y,N,광주광역시 동구 남문로644번길 14,", 2층 일부 (소태동)",61498,,20240414
F10,광주광역시교육청,동구,교습소,3000019723,킴스잉글리쉬(Kim's English)영어교습소,20240903,20240903,개원,        ,        ,0,9,입시.검정 및 보습,,,, ,Y, ,광주광역시 동구 필문대로 70,", 계림아이파크에스케이뷰 상가A동 B111호(계림동)",61404,,20251026
F10,광주광역시교육청,동구,교습소,3000010690,토토미술교습소,20120302,20120302,개원,        ,99991231,18,9,예능(대),예능(중),미술(초급),미술,"미술(초급):160000, 미술(중급)A:170000, 미술(중급)B:130000, 미술(고급)A:100000, 미술(고급)B:60000, 미술(입시):70000",Y,N,광주광역시 동구 남문로693번길11,", 학2마을아파트상가동 206호  (학동)",501841,062-222-2529,20250427
F10,광주광역시교육청,동구,교습소,3000010856,툴즈과학교습소,20120605,20120605,개원,        ,99991231,40,5,입시.검정 및 보습,보통교과,,보습, ,Y,N,광주광역시 동구 장동로 19,", 4층 일부 (장동)",61436,,20231018
F10,광주광역시교육청,동구,교습소,3000010839,툴즈수학교습소,20120605,20120605,개원,        ,99991231,16,2,입시.검정 및 보습,보통교과,,보습, ,Y,N,광주광역시 동구 장동로 19,", 4층 일부 (장동)",61436,070-4645-4650,20231018
F10,광주광역시교육청,동구,교습소,3000015713,트랙잉글리시영어교습소,20230706,20230706,개원,        ,        ,0,9,입시.검정 및 보습,보통교과,영어(초등),보습,"영어(초등):234000, 영어(중등):253800, 영어(고등):345600",Y, ,광주광역시 동구 남문로 343,", 3층 301호 일부(월남동)",61514,,20241103
F10,전남광주통합특별시교육청(광주),동구,교습소,3000015468,튼튼수학교습소,20221110,20221110,개원,        ,99991231,72,9,입시.검정 및 보습,보통교과,초등수학A,보습,"초등수학A:180000, 초등수학B:280000, 중등수학C:230000, 중등수학D:300000",Y,N,전남광주통합특별시 동구 남문로 307,", 216동 201호 (월남동, 월남호반베르디움 2차)",61514,,20260726
F10,광주광역시교육청,동구,교습소,1052,하와피아노교습소,20000729,20000729,개원,        ,99991231,12,4,예능(대),예능(중),피아노(초급),음악, ,Y,N,광주광역시 동구 필문대로287번길 1,",  2층 (서석동)",501824,062-222-7265,20231211
F10,광주광역시교육청,동구,교습소,3000017994,하이영어교습소,20240618,20240618,개원,        ,        ,0,9,입시.검정 및 보습,보통교과,영어(초등A),보습,"영어(초등A):220000, 영어(초등):240000, 영어(중등):260000, 영어(고등):350000",Y, ,광주광역시 동구 필문대로 70,"상가C동 지하 1층 101호(계림동,계림아이파크SK뷰)",61404,,20260215
F10,광주광역시교육청,동구,교습소,3000019916,하이플러스영어교습소,20250409,20250409,개원,        ,        ,0,9,입시.검정 및 보습,보통교과,초등영어A,보습,"초등영어A:210000, 초등영어B:270000, 중등영어A:170000, 중등영어B:250000, 중등영어C:300000, 고등영어A:350000, 고등영어B:400000",Y, ,광주광역시 동구 남문로 589,"(용산동,무등산골드클래스2차) 상가 404동 303호",61499,,20251207
F10,광주광역시교육청,동구,교습소,3000017800,한가람아트스튜디오미술교습소,20231215,20231215,개원,        ,        ,0,9,예능(대),,,, ,Y, ,광주광역시 동구 용산3길 14,", 103호(용산동)",61508,,20250406
F10,광주광역시교육청,동구,교습소,3000013789,한역사논술교습소,20180517,20180517,개원,        ,99991231,24,8,입시.검정 및 보습,보통교과,,보습·논술, ,Y,N,광주광역시 동구 지호로 52,", 2층일부 (지산동)",61450,,20231018
F10,광주광역시교육청,동구,교습소,3000011449,해밀피아노음악교습소,20130902,20130902,개원,        ,99991231,36,6,예능(대),예능(중),피아노(초급),음악,"피아노(초급):130000, 피아노(중급):140000, 피아노(고급):150000, 기타(초급):52000, 기타(중급):58000, 기타(고급):67000",Y,N,광주광역시 동구 학소로76번길 8,", (1층일부) (소태동)",501828,,20231018
F10,전남광주통합특별시교육청(광주),동구,교습소,3000013078,행복한소리음악교습소,20161201,20161201,개원,        ,99991231,40,5,예능(대),예능(중),기타(초급),음악,"기타(초급):145000, 기타(중급):157000, 기타(고급):181000, 피아노(초급):145000, 피아노(중급):157000, 피아노(고급):181000",Y,N,전남광주통합특별시 동구 남문로 307,", 216동 202호, 203호 (월남동, 월남호반베르디움 2차)",61514,null,20260809
F10,광주광역시교육청,동구,교습소,3000015090,현바이올린교습소,20211102,20211102,개원,        ,99991231,15,3,예능(대),예능(중),바이올린(초급),음악,"바이올린(초급):150000, 바이올린(중급):180000, 바이올린(고급):200000",Y,N,광주광역시 동구 무등로 374,", 두산위브상가동 206호 (계림동, 두산위브)",61412,null,20241222
F10,광주광역시교육청,동구,교습소,3000020148,히파티아수학교습소,20251223,20251223,개원,        ,        ,0,8,입시.검정 및 보습,보통교과,초등수학1,보습,"초등수학1:200000, 초등수학2:250000, 중등수학1:250000, 중등수학2:300000, 중등수학3:400000, 고등수학1:300000, 고등수학2:400000, 고등수학3:500000",Y, ,광주광역시 동구 경양로 234,"상가2층 108동 423호(계림동,그랜드센트럴)",61424,010-7181-9852,20260607
F10,광주광역시교육청,동구,학원,3000014919,2관더조은영어수학학원,20210511,20210511,개원,        ,99991231,200,50,입시.검정 및 보습,보통교과,,보습, ,Y,N,광주광역시 동구 동명로67번길 37,", 2층일부 (산수동)",61432,,20231018
F10,광주광역시교육청,동구,학원,3000013771,A Beat Drum Studio(에이비트드럼스튜디오)학원,20180504,20180504,개원,        ,99991231,100,15,기예(대),기예(중),,실용음악(성악), ,Y,N,광주광역시 동구 예술길 31-13,", 3층 (대의동)",61474,,20231018
F10,광주광역시교육청,동구,학원,3000020260,AL(에이엘)문해력국어학원,20260416,20260415,개원,        ,        ,120,40,입시.검정 및 보습,,,, ,Y, ,광주광역시 동구 화산로 318-17,"1층, 2층 일부(용산동)",61509,,20260426
F10,광주광역시교육청,동구,학원,7351,ALCC(에이엘시시)학원,20101231,20101228,개원,        ,99991231,80,80,입시.검정 및 보습,보통교과,"보습,",보습, ,Y,N,광주광역시 동구 동계천로 162,"1,2층",501813,062-233-0909,20231018
F10,광주광역시교육청,동구,학원,3000013926,ARTTREE(아트트리)아카데미학원,20180830,20180830,개원,        ,99991231,192,37,직업기술,산업응용기술,,디자인, ,Y,N,광주광역시 동구 남문로 760,", 2층 (학동)",61454,,20231018
F10,광주광역시교육청,동구,학원,6422,CLA(씨엘에이)실용음악학원,20091028,20091028,개원,        ,99991231,150,40,기예(대),기예(중),실용음악(성악),실용음악(성악), ,Y,N,광주광역시 동구 서남로 32,"2,3층",501824,062-234-3567,20240929
F10,전남광주통합특별시교육청(광주),동구,학원,3000023705,ITC(아이티씨)영어광주계림영어학원,20260819,20260819,개원,        ,        ,80,8,입시.검정 및 보습,보통교과,보습,보습, ,Y, ,전남광주통합특별시 동구 중앙로290번길 16,"상가 2층 115호(계림동,두산위브더파크)",61413,010-4701-3330,20260823
F10,광주광역시교육청,동구,학원,6876,JL(제이엘)연기학원,20100423,20100423,개원,        ,99991231,100,50,기타(대),기타(중),연극,연극, ,Y,N,광주광역시 동구 구성로 167,"3,4층 (충장로5가)",501015,062-465-0202,20260125
F10,광주광역시교육청,동구,학원,3000011855,JS(제이에스)뮤직아카데미학원,20140712,20140710,개원,        ,99991231,150,50,기예(대),기예(중),"실용음악(성악),",실용음악(성악), ,Y,N,광주광역시 동구 충장로 45-2,", 3층 (충장로4가)",61481,,20231018
F10,광주광역시교육청,동구,학원,3000011211,KM(케이엠)실용음악학원,20130320,20130320,개원,        ,99991231,30,15,기예(대),기예(중),,실용음악(성악), ,N,N,광주광역시 동구 무등로 482,", (2층) (산수동)",501821,062-234-0900,20231018
F10,광주광역시교육청,동구,학원,1807,M.PARK(엠.팍)실용음악학원,20040816,20040816,개원,        ,99991231,45,9,기예(대),기예(중),실용음악(성악),실용음악(성악), ,N,N,광주광역시 동구 필문대로 48,", 3층 (계림동)",61404,062-529-3944,20241103
F10,광주광역시교육청,동구,학원,3000019857,MKBedu(엠케이비에듀)학원,20250217,20250217,개원,        ,        ,50,36,입시.검정 및 보습,,,, ,Y,N,광주광역시 동구 남문로622번길 3,", 3층(소태동)",61498,,20250223
F10,광주광역시교육청,동구,학원,3000013528,NOAH(노아)어학원,20171128,20171128,개원,        ,99991231,400,100,국제화,국제,어학(성인),어학(성인), ,Y,N,광주광역시 동구 필문대로 308,", 2,3,4층 (서석동)",61467,null,20240714
F10,전남광주통합특별시교육청(광주),동구,학원,3000012898,SBS아카데미AIX학원,20160729,20160729,개원,        ,99991231,4059,150,종합(대),,"디자인,전산회계,컴퓨터",, ,Y,N,전남광주통합특별시 동구 금남로 238,", 6층 (금남로2가)",61482,062-223-1331,20260816
F10,광주광역시교육청,동구,학원,3000010103,SKY(스카이)독서실,20110417,20110415,개원,        ,99991231,86,86,독서실,독서,,독서실(유아/초·중·고), ,Y,N,광주광역시 동구 의재로 64,  6층,501846,062-225-0625,20231018
F10,광주광역시교육청,동구,학원,3000017758,The더몬스터학원,20231113,20231108,개원,        ,        ,150,60,입시.검정 및 보습,보통교과,보습,보습, ,Y,N,광주광역시 동구 경양로 234,"(계림동,그랜드센트럴) 118동 2층 711호, 716호, 717호",61424,062-223-0982,20240714
F10,광주광역시교육청,동구,학원,3000010206,YBM(와이비엠)시사주니어영어전문학원,20110617,20110617,개원,        ,99991231,50,10,입시.검정 및 보습,보통교과,보습,보습, ,Y,N,광주광역시 동구 의재로 17-1,", 3층 (학동)",61459,062-222-0595,20251116
F10,광주광역시교육청,동구,학원,6257,YJ(와이제이)어학원,20090918,20090918,개원,        ,99991231,390,100,종합(대),,"보습,실용외국어(유아/초·중·고)",, ,Y,N,광주광역시 동구 밤실로 154,", (3층일부) (산수동)",501823,062-528-1205,20260426
F10,광주광역시교육청,동구,학원,5899,e(이)-푸른독서실,20090507,20090507,개원,        ,99991231,100,100,독서실,독서,"독서실(일반인),",독서실(일반인), ,Y,N,광주광역시 동구 서석로85번길 8-14,", 3,4층일부 (대의동)",61474,062-223-0201,20231018
F10,광주광역시교육청,동구,학원,3000012881,e해법수학뮤엠영어월남학원,20160714,20160714,개원,        ,99991231,120,40,입시.검정 및 보습,보통교과,보습,보습, ,Y,N,광주광역시 동구 남문로 343,", 302호 (월남동)",61511,062-233-0588,20240929
F10,광주광역시교육청,동구,학원,6387,see(씨)수학전문학원,20091027,20091027,개원,        ,99991231,38,40,입시.검정 및 보습,보통교과,"보습,",보습, ,Y,N,광주광역시 동구 갈마로 58,", 401호 (산수동, 성현빌딩)",61409,062-263-0982,20231018
F10,광주광역시교육청,동구,학원,3000011258,sky(스카이)미술학원,20130416,20130416,개원,        ,99991231,60,20,예능(대),예능(중),"미술,",미술, ,Y,N,광주광역시 동구 예술길 18-2,", (2층) (궁동)",501040,062-222-5059,20231018
F10,광주광역시교육청,동구,학원,1500001702,강순자전통무용학원,19981214,19981214,개원,        ,99991231,52,30,기예(대),기예(중),"무용(전통무용,현대무용)","무용(전통무용,현대무용)", ,N,N,광주광역시 동구 남문로 699,", 5층 (학동)",61458,062-222-2679,20250427
F10,광주광역시교육청,동구,학원,3000010159,강한수학전문학원,20110521,20110519,개원,        ,99991231,160,40,입시.검정 및 보습,보통교과,"보습,",보습, ,Y,N,광주광역시 동구 갈마로 58,", 702호 (산수동, 스타빌딩)",61409,062-262-2588,20231018
F10,광주광역시교육청,동구,학원,3301,건반나라피아노학원,20051019,20051019,개원,        ,99991231,104,13,예능(대),예능(중),"음악,",음악, ,Y,N,광주광역시 동구 운림길 38,  2층,501833,062-222-7922,20231018
F10,광주광역시교육청,동구,학원,3000019962,계림2호점하드캐리영수학원,20250618,20250618,개원,        ,        ,300,70,입시.검정 및 보습,,,, ,Y,N,광주광역시 동구 동계로 71,(계림동) 4층,61413,,20250629
F10,광주광역시교육청,동구,학원,3000015427,계림주니어그린섬미술학원,20220906,20220906,개원,        ,99991231,30,20,예능(대),예능(중),,미술, ,Y,N,광주광역시 동구 중앙로 368,", 2층 (계림동)",61402,062-267-7114,20240526
F10,광주광역시교육청,동구,학원,671,고공수학과학학원,20090817,20030731,개원,        ,99991231,120,40,입시.검정 및 보습,보통교과,보습,보습, ,Y,N,광주광역시 동구 동계천로 147,", 3층 (동명동)",501813,062-233-2345,20260125
F10,광주광역시교육청,동구,학원,3000020247,고려대어학원,20260330,20260330,개원,        ,        ,300,60,국제화,외국어,실용외국어(유아/초·중·고),실용외국어(유아/초·중·고), ,Y, ,광주광역시 동구 무등로 398-1,2층(계림동),61417,010-5811-3981,20260426
F10,광주광역시교육청,동구,학원,1500002553,고성음악학원,19830118,19830118,개원,        ,99991231,30,10,기예(대),기예(중),,실용음악(성악), ,Y,N,광주광역시 동구 충장로 101-5,", 4층 (충장로1가)",61482,062-227-0882,20231018
F10,광주광역시교육청,동구,학원,3000011968,고실용예술아카데미시내학원,20141013,20141013,개원,        ,99991231,260,90,종합(대),,"댄스,실용음악(성악)",, ,Y,N,광주광역시 동구 충장로 67,", 4층일부 (충장로3가)",501013,null,20250803
F10,광주광역시교육청,동구,학원,1500000238,공방사진학원,19990702,19990702,개원,        ,99991231,40,20,직업기술,산업응용기술,사진,사진, ,N,N,광주광역시 동구 동계천로 163-3,", (1,2,3층) (동명동)",501813,062-227-2294,20231018
F10,광주광역시교육청,동구,학원,3000014137,공스타관리형2관독서실,20190222,20190222,개원,        ,99991231,58,58,독서실,독서,,독서실(일반인), ,Y,N,광주광역시 동구 천변우로 363-10,", 2층 (호남동)",61479,,20231018
F10,광주광역시교육청,동구,학원,3000011141,광주J제이영수보습학원,20130128,20130128,개원,        ,99991231,150,50,입시.검정 및 보습,보통교과,"보습,",보습, ,Y,N,광주광역시 동구 의재로 60,", (3층일부) (학동)",501846,,20240421
F10,광주광역시교육청,동구,학원,3000011321,광주sky(스카이)미술학원,20130531,20130531,개원,        ,99991231,60,20,예능(대),예능(중),"미술,",미술, ,Y,N,광주광역시 동구 예술길 20,", (2층) (궁동)",501040,,20231018
F10,광주광역시교육청,동구,학원,3000014920,광주게임아카데미학원,20210511,20210511,개원,        ,99991231,45,10,직업기술,컴퓨터,,게임, ,Y,N,광주광역시 동구 금남로 170-32,", 2층 (금남로5가)",61476,,20231018
F10,광주광역시교육청,동구,학원,3000015381,광주계림센터유니팝미술학원,20220726,20220726,개원,        ,99991231,100,15,예능(대),예능(중),미술,미술, ,Y,N,광주광역시 동구 무등로 388-3,", 2층 (계림동)",61417,062-222-7524,20250216
F10,광주광역시교육청,동구,학원,2927,광주고시학원,20050422,20050422,개원,        ,99991231,777,191,인문사회(대),인문사회(중),"성인고시,",성인고시, ,Y,N,광주광역시 동구 예술길 31-16,", 4층 일부 (대의동)",61474,062-227-8003,20231018
F10,광주광역시교육청,동구,학원,3000011079,광주대성독서실,20121207,20121207,개원,        ,99991231,328,328,독서실,독서,,독서실(유아/초·중·고), ,Y,N,광주광역시 동구 제봉로 92,", 7층 (서석동, 대성학원)",61465,062-222-0357,20231018
F10,광주광역시교육청,동구,학원,3757,광주대성아카데미학원,20060524,20060524,개원,        ,99991231,298,0,종합(대),보통교과,"입시,입시·논술",입시·논술, ,Y,N,광주광역시 동구 제봉로 92,", 4층, 5층 일부 (서석동, 대성학원)",61465,062-232-2323,20260301
F10,광주광역시교육청,동구,학원,1500000556,광주대성학원,19671023,19671023,개원,        ,99991231,298,290,입시.검정 및 보습,진학지도,"입시,진학상담지도",진학상담지도, ,Y,N,광주광역시 동구 제봉로 92,", 6층 (서석동, 대성학원)",61465,062-222-0357,20260301
F10,광주광역시교육청,동구,학원,3000013099,광주동구Etoos(이투스)24/7학원,20170109,20170109,개원,        ,99991231,280,64,입시.검정 및 보습,보통교과,"보습,",보습, ,Y,N,광주광역시 동구 서석로85번길 8,"2층,3층 (대의동)",61474,,20260104
F10,전남광주통합특별시교육청(광주),동구,학원,3000020318,광주동구프리미엄관학원,20260706,20260706,개원,        ,        ,140,50,입시.검정 및 보습,보통교과,보습,보습, ,Y, ,전남광주통합특별시 동구 서석로85번길 4,2층(대의동),61474,062-222-0247,20260712
F10,광주광역시교육청,동구,학원,3000014092,광주목공아카데미학원,20190116,20190116,개원,        ,99991231,60,30,직업기술,산업기반기술,,공예, ,Y,N,광주광역시 동구 무등로304번길 55,", 3층 일부 (계림동)",61421,,20231018
F10,광주광역시교육청,동구,학원,3000018030,광주바이올린음악학원,20240716,20240716,개원,        ,        ,75,25,예능(대),예능(중),음악,음악, ,Y,N,광주광역시 동구 동계로 61,(계림동) 302호,61414,,20250309
F10,광주광역시교육청,동구,학원,3000020100,광주본원AniSTAR(애니스타)만화학원,20251120,20251120,개원,        ,        ,242,38,예능(대),예능(중),미술,미술, ,Y, ,광주광역시 동구 금남로 242-1,",4층(금남로1가)",61482,,20251207
F10,광주광역시교육청,동구,학원,3000020096,광주본원C&C(씨앤씨)미술학원,20251120,20251120,개원,        ,        ,242,42,예능(대),예능(중),미술,미술, ,Y, ,광주광역시 동구 금남로 242-1,"2층, 3층(금남로1가)",61482,062-233-6388,20251207
F10,광주광역시교육청,동구,학원,1500000239,광주사진학원,19970610,19970610,개원,        ,99991231,60,20,직업기술,산업응용기술,"사진,",사진, ,N,N,광주광역시 동구 서석로 33-2,  4층일부,501110,062-228-2446,20231018
F10,광주광역시교육청,동구,학원,3000014396,광주성우학원,20190921,20190920,개원,        ,99991231,100,16,기예(대),기예(중),,화술, ,Y,N,광주광역시 동구 충장로 70,", 3·4층 (충장로3가)",61483,,20231018
F10,광주광역시교육청,동구,학원,1500000265,광주속기학원,19971022,19971022,개원,        ,99991231,250,50,직업기술,산업서비스,속기,속기, ,Y,N,광주광역시 동구 금남로 250-8,  4층일부 ,501021,062-226-2117,20241229
F10,광주광역시교육청,동구,학원,3000015631,광주예술종합학원,20230327,20230327,개원,        ,99991231,50,15,기타(대),기타(중),기타(소),기타(소), ,Y,N,광주광역시 동구 중앙로 218,", 5층 (궁동)",61474,062-2272-023,20250216
F10,광주광역시교육청,동구,학원,3000012863,광주인테리어필름학원,20160706,20160706,개원,        ,99991231,60,10,직업기술,산업서비스,,도배, ,Y,N,광주광역시 동구 서암대로 304,", 3층 (계림동)",61400,,20231018
F10,광주광역시교육청,동구,학원,3000011704,광주일등학원,20140317,20140314,개원,        ,99991231,900,150,입시.검정 및 보습,보통교과,"입시,",입시, ,Y,N,광주광역시 동구 서석로85번길 8-11,", 1,2층 (대의동)",501050,062-227-2588,20231018
F10,광주광역시교육청,동구,학원,4461,광주중앙미용학원,20070502,20070502,개원,        ,99991231,180,60,직업기술,산업응용기술,,이·미용, ,N,N,광주광역시 동구 금남로 232-4,"4층, 5층(금남로2가)",61482,062-222-0031,20250406
F10,광주광역시교육청,동구,학원,3000020309,구쌤영어딱풀리는수학용산점학원,20260625,20260625,개원,        ,        ,90,22,입시.검정 및 보습,,,, ,Y, ,광주광역시 동구 용산3길 4, 204호(용산동),61508,,20260628
F10,광주광역시교육청,동구,학원,503,궤도에오르다.한빛학원,20021204,20021204,개원,        ,99991231,240,60,입시.검정 및 보습,보통교과,보습,보습, ,Y,N,광주광역시 동구 운림길 71,", 상가동 203호,204호 (운림동, 라인1차아파트)",61492,062-222-1395,20240428
F10,광주광역시교육청,동구,학원,3000014817,그랜드음악학원,20210121,20210119,개원,        ,99991231,100,15,예능(대),예능(중),음악,음악, ,Y,N,광주광역시 동구 경양로 234,", 107동 329‧330호 (계림동, 광주 그랜드센트럴)",61424,null,20260426
F10,광주광역시교육청,동구,학원,3000015388,그리다미술학원,20220728,20220728,개원,        ,99991231,60,15,예능(대),예능(중),,미술, ,Y,N,광주광역시 동구 밤실로30번길 6,", 3층 (지산동)",61443,,20231018
F10,광주광역시교육청,동구,학원,3000014652,그린섬광주헤라클레스조소학원,20200525,20200520,개원,        ,99991231,90,30,예능(대),예능(중),"미술,",미술, ,Y,N,광주광역시 동구 중앙로 218,", 3층 (궁동)",61474,062-432-1912,20240721
F10,광주광역시교육청,동구,학원,5595,글로벌영어전문학원,20081202,20081202,개원,        ,99991231,125,30,입시.검정 및 보습,보통교과,보습,보습, ,N,N,광주광역시 동구 예술길 34,"3,4층",501050,062-226-4737,20231018
F10,광주광역시교육청,동구,학원,3000017946,김영주음악학원,20240430,20240430,개원,        ,        ,100,30,예능(대),예능(중),음악,음악, ,Y,N,광주광역시 동구 동계로 61,(계림동) 3층,61414,,20250316
F10,광주광역시교육청,동구,학원,5190,김영편입학원,20080429,20080429,개원,        ,99991231,300,150,인문사회(대),인문사회(중),대학편입,대학편입, ,Y,N,광주광역시 동구 예술길 31-16,", 3층 (대의동)",61474,062-227-8088,20240407
F10,광주광역시교육청,동구,학원,3000013098,김태원영어학원,20170103,20170103,개원,        ,99991231,120,30,입시.검정 및 보습,보통교과,보습,보습, ,Y,N,광주광역시 동구 동계천로 143-5,", 4층 (동명동)",61434,null,20240218
F10,광주광역시교육청,동구,학원,3000012135,나선희스피치커뮤니케이션즈학원,20070809,20070809,개원,        ,99991231,30,30,기예(대),기예(중),화술,화술, ,Y,N,광주광역시 동구 서석로 49,", 4층 (금남로1가)",61482,062-371-3334,20250316
F10,광주광역시교육청,동구,학원,3000017928,나연수학학원,20240405,20240405,개원,        ,        ,100,30,입시.검정 및 보습,보통교과,보습,보습, ,Y, ,광주광역시 동구 무등로375번길 25,(계림동) 3층,61402,,20240526
F10,광주광역시교육청,동구,학원,3000014267,네모의꿈건축기술아카데미학원,20190701,20190531,개원,        ,99991231,50,50,직업기술,산업기반기술,,건축, ,Y,N,광주광역시 동구 무등로 329,", 6층 (계림동)",61401,062-227-3100,20231018
F10,광주광역시교육청,동구,학원,3000014246,넥스트스파르타광주충장로관리형독서실,20190513,20190510,개원,        ,99991231,107,107,독서실,독서,독서실(일반인),독서실(일반인), ,Y,N,광주광역시 동구 중앙로196번길 31-10,", 4층 (대의동)",61475,,20260426
F10,광주광역시교육청,동구,학원,3000011784,노블리즈뷰티아카데미미용학원,20140515,20140515,개원,        ,99991231,260,230,직업기술,산업응용기술,이·미용,이·미용, ,Y,N,광주광역시 동구 금남로 226-22,", 2·3층, 4층 일부 (금남로3가)",61482,062-229-2323,20260621
F10,광주광역시교육청,동구,학원,3000018027,노블리즈입시광주미용학원,20240716,20240716,개원,        ,        ,80,10,기타(대),기타(중),이·미용,이·미용, ,Y,N,광주광역시 동구 금남로 226-22,", 1층(금남로3가)",61482,,20250309
F10,광주광역시교육청,동구,학원,3000012531,노영창수학학원,20151103,20151103,개원,        ,99991231,150,50,입시.검정 및 보습,보통교과,보습,보습, ,Y,N,광주광역시 동구 동계천로 136,", 3층 (장동)",61436,null,20240707
F10,광주광역시교육청,동구,학원,3000014535,늘봄음악학원,20200131,20200109,개원,        ,99991231,155,10,예능(대),예능(중),음악,음악, ,Y,N,광주광역시 동구 남문로 349,", 2층 일부 (월남동)",61514,null,20250302
F10,광주광역시교육청,동구,학원,3000015091,늘솜수학학원,20211102,20211102,개원,        ,99991231,120,20,입시.검정 및 보습,보통교과,보습,보습, ,Y,N,광주광역시 동구 용산1로 12,", 503호 (용산동)",61508,null,20260208
F10,광주광역시교육청,동구,학원,3000013136,다비수학원,20170214,20170214,개원,        ,99991231,150,50,입시.검정 및 보습,보통교과,,보습, ,Y,N,광주광역시 동구 산수길,", 15, 2-3층 (산수동)",61417,,20231018
F10,광주광역시교육청,동구,학원,3000014099,다온피아노음악학원,20190123,20190123,개원,        ,99991231,60,10,예능(대),예능(중),,음악, ,Y,N,광주광역시 동구 밤실로 154,", 1층 (산수동)",61409,,20231018
F10,광주광역시교육청,동구,학원,4452,대림보습학원,20070501,20070501,개원,        ,99991231,180,180,입시.검정 및 보습,보통교과,보습,보습, ,Y,N,광주광역시 동구 밤실로 23,"2,3층",501836,062-223-5105,20250202
F10,광주광역시교육청,동구,학원,3000019963,대치NS(엔에스)계림수학학원,20250620,20250620,개원,        ,        ,150,24,입시.검정 및 보습,보통교과,보습,보습, ,Y,N,광주광역시 동구 무등로 386,", 4층 (계림동)",61417,,20260315
F10,광주광역시교육청,동구,학원,1500002590,대한기타전문학원,19840710,19840710,개원,        ,99991231,30,10,기예(대),기예(중),실용음악,실용음악(성악), ,N,N,광주광역시 동구 중앙로 216,", 3층 (궁동)",61474,062-227-6069,20231018
F10,광주광역시교육청,동구,학원,3000015016,더(The)함수학학원,20210804,20210804,개원,        ,99991231,240,45,입시.검정 및 보습,보통교과,보습,보습, ,Y,N,광주광역시 동구 무등로 447,", 1층 (산수동)",61406,null,20250202
F10,광주광역시교육청,동구,학원,3000015191,더오름국어학원,20220120,20220120,개원,        ,99991231,40,32,입시.검정 및 보습,보통교과,,보습, ,Y,N,광주광역시 동구 장동로 23-12,", 2층 (동명동)",61436,,20231018
F10,광주광역시교육청,동구,학원,3000015302,더이룸(The E-room)어학원,20220504,20220504,개원,        ,99991231,175,75,국제화,국제,,어학(성인), ,Y,N,광주광역시 동구 서석로85번길 10,", 3층 일부 (대의동)",61474,062-223-1660,20231018
F10,광주광역시교육청,동구,학원,3000014229,더조은영어·수학학원,20190501,20190501,개원,        ,99991231,200,40,입시.검정 및 보습,보통교과,,보습, ,Y,N,광주광역시 동구 동명로67번길 41,", 4층 (산수동)",61432,062-227-7909,20231018
F10,광주광역시교육청,동구,학원,7093,더존아카데미학원,20100728,20100728,개원,        ,99991231,180,60,종합(대),,"전산회계,컴퓨터(정보처리,통신기기,인터넷,소프트웨어),",, ,N,N,광주광역시 동구 필문대로 277,", 2층 (동명동)",61449,062-223-6123,20231018
F10,전남광주통합특별시교육청(광주),동구,학원,3000020280,동광주한우리독서토론논술학원,20260511,20260511,개원,        ,        ,100,24,입시.검정 및 보습,보통교과,보습·논술,보습·논술, ,Y,N,전남광주통합특별시 동구 무등로375번길 21-1,2층(계림동),61402,,20260823
F10,광주광역시교육청,동구,학원,3000020201,동명슬국생고등국어학원,20260211,20260211,개원,        ,        ,200,28,입시.검정 및 보습,,,, ,Y, ,광주광역시 동구 장동로 23-45,5층(장동),61436,,20260215
F10,광주광역시교육청,동구,학원,3063,동부고시학원,20050618,20050618,개원,        ,99991231,250,180,인문사회(대),인문사회(중),성인고시,성인고시, ,Y,N,광주광역시 동구 예술길 31-16,", 5층 (대의동)",61474,062-234-1112,20240218
F10,광주광역시교육청,동구,학원,3042,동부정독서실,20050609,20050609,개원,        ,99991231,356,178,독서실,독서,"독서실(유아/초·중·고),",독서실(유아/초·중·고), ,N,N,광주광역시 동구 예술길 31-16,6층,501050,,20231018
F10,광주광역시교육청,동구,학원,3000012454,동성영수학원,20150908,20150907,개원,        ,99991231,100,25,입시.검정 및 보습,보통교과,,보습, ,Y,N,광주광역시 동구 경양로 350,", 2층 (산수동)",501819,,20231018
F10,광주광역시교육청,동구,학원,3056,동아외국어학원,20050604,20050604,개원,20231001,20260930,160,40,국제화,외국어,실용외국어(유아/초・중・고),실용외국어(유아/초·중·고), ,Y,N,광주광역시 동구 예술길15번길 2,"2,3,4층",501040,062-222-6253,20250511
F10,광주광역시교육청,동구,학원,3000015032,두란노영어수학학원,20210827,20210827,개원,        ,99991231,50,50,입시.검정 및 보습,보통교과,,보습, ,Y,N,광주광역시 동구 경양로 234,", 108동 427호, 428호 (계림동, 그랜드센트럴 상가)",61424,,20231018
F10,광주광역시교육청,동구,학원,1727,두례조리전문학원,20040707,20040707,개원,        ,99991231,120,60,직업기술,산업응용기술,"식음료품(바리스타,소믈리에),","식음료품(바리스타,소믈리에)", ,N,N,광주광역시 동구 동명로 35,", 1층 일부, 3층 (동명동)",61432,062-233-0567,20231018
F10,광주광역시교육청,동구,학원,3000020036,등용미술학원,20250903,20250903,개원,        ,        ,20,20,기예(대),,,, ,Y,N,광주광역시 동구 경양로277번길 32-1,3층(계림동),61423,010-2606-1300,20250907
F10,광주광역시교육청,동구,학원,3000015112,디딤돌수학학원,20211122,20211122,개원,        ,99991231,100,22,입시.검정 및 보습,보통교과,,보습, ,Y,N,광주광역시 동구 계림로20번길 3-1,", 2층 (계림동)",61415,,20231018
F10,광주광역시교육청,동구,학원,3000012368,디자인스카이(sky)미술학원,20150722,20150722,개원,        ,99991231,90,30,예능(대),예능(중),"미술,",미술, ,Y,N,광주광역시 동구 중앙로196번길 15-18,", 2층 (궁동)",501040,,20231018
F10,광주광역시교육청,동구,학원,1111,디자인은그린섬미술학원,20031216,20031216,개원,        ,99991231,160,40,예능(대),예능(중),미술,미술, ,Y,N,광주광역시 동구 제봉로 145,5층(궁동),61474,062-222-1971,20260222
F10,전남광주통합특별시교육청(광주),동구,학원,3000018021,라메르무용학원,20240710,20240708,개원,        ,        ,150,50,예능(대),예능(중),무용,무용, ,Y,N,전남광주통합특별시 동구 동계로 71,(계림동) 5층 전체,61413,,20260726
F10,광주광역시교육청,동구,학원,3000015477,라베크음악학원,20221115,20221115,개원,        ,99991231,100,10,예능(대),예능(중),,음악, ,Y,N,광주광역시 동구 필문대로 70,", 123동 115호, 116호, 117호 (계림동, 계림아이파크SK뷰)",61404,,20231018
F10,광주광역시교육청,동구,학원,3000013262,라온음악학원,20170508,20170508,개원,        ,99991231,125,25,예능(대),예능(중),,음악, ,Y,N,광주광역시 동구 남문로753번길 20,", 무등산아이파크 상가B동 213호 (학동)",61455,062-222-5803,20231018
F10,광주광역시교육청,동구,학원,3000013946,라온제나음악학원,20180911,20180911,개원,        ,99991231,60,13,예능(대),예능(중),음악,음악, ,Y,N,광주광역시 동구 밤실로30번길 4-3,", 3층 (지산동)",61443,062-225-8745,20260315
F10,광주광역시교육청,동구,학원,3000019995,라온학원,20250722,20250722,개원,        ,        ,160,30,입시.검정 및 보습,,,, ,Y, ,광주광역시 동구 의재로 153,", 2층(운림동)",61492,,20250727
F10,광주광역시교육청,동구,학원,3000015173,라운드영어학원,20220110,20220110,개원,        ,99991231,80,10,입시.검정 및 보습,보통교과,보습,보습, ,Y,N,광주광역시 동구 밤실로 100,", 108동 104호 (산수동, 무등산광신프로그레스 상가동)",61410,,20250309
F10,광주광역시교육청,동구,학원,3000010047,래플즈(Raffles)어학원,20110314,20110314,개원,        ,99991231,240,80,국제화,외국어,실용외국어(유아/초·중·고),실용외국어(유아/초·중·고), ,N,N,광주광역시 동구 의재로 15,", 2층 (학동)",61459,062-268-5850,20241222
F10,광주광역시교육청,동구,학원,3000015057,로제타스톤영어전문학원,20210917,20210917,개원,        ,99991231,90,32,입시.검정 및 보습,보통교과,,보습, ,Y,N,광주광역시 동구 무등로 405,", 5층 501-2호 (계림동)",61405,,20231018
F10,광주광역시교육청,동구,학원,1500002151,루멘스터디&독서실,20011211,20011211,개원,        ,99991231,90,90,독서실,독서,"독서실(유아/초·중·고),",독서실(유아/초·중·고), ,Y,N,광주광역시 동구 남문로 666,  2층 ,501847,062-232-4940,20260215
F10,광주광역시교육청,동구,학원,3000013659,리더스모델학원,20180219,20180219,개원,        ,99991231,120,15,기예(대),기예(중),모델,모델, ,Y,N,광주광역시 동구 남문로 686,", 3층일부 (학동)",61463,062-226-2994,20240929
F10,광주광역시교육청,동구,학원,2228,리더카이스트과학학원,20050103,20050103,개원,        ,99991231,500,200,입시.검정 및 보습,보통교과,보습,보습, ,Y,N,광주광역시 동구 동계천로 159-4,"1,2층",501813,062-222-8238,20250309
F10,광주광역시교육청,동구,학원,3000013103,리프로젝트패션디자인학원,20170123,20170123,개원,20181001,20181115,80,24,직업기술,산업기반기술,,의복, ,Y,N,광주광역시 동구 동계천로 167-1,", 2층 (동명동)",61434,,20231018
F10,광주광역시교육청,동구,학원,3000014110,마스터만화애니미술학원,20190208,20190208,개원,        ,99991231,180,38,예능(대),예능(중),미술,미술, ,Y,N,광주광역시 동구 예술길 10,", 2층 (궁동)",61475,null,20250316
F10,광주광역시교육청,동구,학원,1500002654,맑은소리음악학원,20021022,20021022,개원,        ,99991231,75,15,예능(대),예능(중),"음악,",음악, ,Y,N,광주광역시 동구 필문대로192번길 32-9,  1층,501819,062-524-1141,20231018
F10,광주광역시교육청,동구,학원,3502,메가클래스학원,20060127,20060127,개원,        ,99991231,240,60,입시.검정 및 보습,보통교과,"보습,",보습, ,Y,N,광주광역시 동구 지원로 2,", 4층 (소태동)",61502,062-234-7346,20250302
F10,광주광역시교육청,동구,학원,3000020300,메이슨어학원,20260611,20260611,개원,        ,        ,0,0,국제화,,,, ,Y, ,광주광역시 동구 필문대로273번길 30,"2층,3층 (지산동)",61449,,20260614
F10,광주광역시교육청,동구,학원,3000011201,멘토보습학원,20130312,20130312,개원,        ,99991231,60,20,입시.검정 및 보습,보통교과,보습,보습, ,N,N,광주광역시 동구 학소로76번길 8,", 1층일부 (소태동)",501828,062-222-3659,20240428
F10,광주광역시교육청,동구,학원,7027,모다인패션디자인학원,20100702,20100702,개원,        ,99991231,160,50,직업기술,산업기반기술,의복,의복, ,Y,N,광주광역시 동구 중앙로 182,  5층,501013,062-234-5300,20260426
F10,광주광역시교육청,동구,학원,513,모드실용음악아카데미학원,20030522,20030522,개원,        ,99991231,200,40,예능(대),예능(중),"음악,",음악, ,Y,N,광주광역시 동구 중앙로 166,", 2층, 3층 (황금동)",61483,062-225-2965,20231018
F10,광주광역시교육청,동구,학원,3000012812,모짜르트실용음악학원,20160519,20160519,개원,        ,99991231,160,20,기예(대),기예(중),,실용음악(성악), ,Y,N,광주광역시 동구 제봉로 207,", 3층 (대인동)",61470,,20231018
F10,광주광역시교육청,동구,학원,3000017959,무등경매학원,20240516,20240516,개원,        ,        ,90,30,직업기술,,,, ,Y,N,광주광역시 동구 필문대로 197-1,", 2,3층(산수동)",61439,,20240929
F10,광주광역시교육청,동구,학원,3000012107,무빙업(Movin'up)댄스학원,20150105,20150105,개원,        ,99991231,180,90,기타(대),기타(중),기타(소),기타(소), ,Y,N,광주광역시 동구 문화전당로 45,", 3층 (광산동)",61487,062-236-2019,20260125
F10,광주광역시교육청,동구,학원,6254,문장학원,20090917,20090917,개원,        ,99991231,80,50,기타(대),기타(중),"기타(소),",기타(소), ,Y,N,광주광역시 동구 동계천로 135-3 2층,(동명동),501813,062-236-3080,20231018
F10,광주광역시교육청,동구,학원,3000014826,문화전당역점라온(LAON)실용음악학원,20210208,20210204,개원,        ,99991231,200,26,예능(대),예능(중),,음악, ,Y,N,광주광역시 동구 문화전당로 43,", 4층 (광산동)",61487,,20251221
F10,광주광역시교육청,동구,학원,1500002009,물빛아트미술학원,19950825,19950825,개원,        ,99991231,60,30,예능(대),예능(중),"미술,",미술, ,Y,N,광주광역시 동구 문화전당로 5,", 4층 (남동)",61487,062-226-7330,20231018
F10,광주광역시교육청,동구,학원,3000013271,미래인재고시학원,20170515,20170515,개원,        ,99991231,360,120,인문사회(대),인문사회(중),성인고시,성인고시, ,Y,N,광주광역시 동구 남문로744번길 3,", 2~3층 (학동)",61454,062-529-0600,20250427
F10,광주광역시교육청,동구,학원,1500000968,미래인재학원,20001219,20001219,개원,        ,99991231,300,60,입시.검정 및 보습,보통교과,,보습, ,Y,N,광주광역시 동구 지원로 2,  3층 ,501827,062-234-7373,20231018
F10,광주광역시교육청,동구,학원,1500001252,박선생국어학원,20001103,20001103,개원,        ,99991231,180,90,입시.검정 및 보습,보통교과,보습·논술,보습·논술, ,Y,N,광주광역시 동구 동계천로 147,  2층,501813,062-233-2345,20260125
F10,광주광역시교육청,동구,학원,3000014138,박소정영수학원,20190222,20190222,개원,        ,99991231,80,40,입시.검정 및 보습,보통교과,보습,보습, ,Y,N,광주광역시 동구 남문로 672,", 3층 일부 (학동)",61463,,20250330
F10,광주광역시교육청,동구,학원,1728,백금비요리학원,20040707,20120229,개원,        ,99991231,108,80,직업기술,산업응용기술,"식음료품(바리스타,소믈리에)","식음료품(바리스타,소믈리에)", ,Y,N,광주광역시 동구 서석로85번길 8-14,", (2층) (대의동)",501050,062-226-5500,20260607
F10,광주광역시교육청,동구,학원,3000012764,백실용음악학원,20160415,20160415,개원,        ,99991231,150,30,예능(대),예능(중),"음악,",음악, ,Y,N,광주광역시 동구 중앙로 173,", 3층 (충장로4가)",61480,,20231018
F10,광주광역시교육청,동구,학원,1500002614,벨로체음악학원,19960723,19960723,개원,        ,99991231,60,20,예능(대),예능(중),음악,음악, ,N,N,광주광역시 동구 의재로 149-8,3층,501834,062-226-8640,20231018
F10,광주광역시교육청,동구,학원,3000013803,벨루어가죽학원,20180528,20180528,개원,        ,99991231,80,10,직업기술,산업기반기술,,공예, ,Y,N,광주광역시 동구 문화전당로26번길 10-6,", 1층 (남동)",61486,,20231018
F10,광주광역시교육청,동구,학원,3000011802,보이스레벨실용음악학원,20140527,20140527,개원,        ,99991231,90,30,기예(대),기예(중),,실용음악(성악), ,Y,N,광주광역시 동구 충장로안길 6,", 3층일부 (황금동)",61483,062-222-2366,20231018
F10,광주광역시교육청,동구,학원,3000013810,본즈댄스보컬아카데미학원,20180604,20180604,개원,        ,99991231,150,0,종합(대),기타(중),,연극, ,Y,N,광주광역시 동구 중앙로160번길 31-12,", 3층 (황금동)",61483,062-224-0888,20250713
F10,광주광역시교육청,동구,학원,3000015481,브릭스잉글리쉬학원,20221116,20221116,개원,        ,99991231,180,20,입시.검정 및 보습,보통교과,보습,보습, ,Y,N,광주광역시 동구 무등로 388-3,", 3층 (계림동)",61417,,20260329
F10,광주광역시교육청,동구,학원,3000015480,블루문실용음악학원,20221115,20221115,개원,        ,99991231,100,30,기예(대),기예(중),,실용음악(성악), ,Y,N,광주광역시 동구 예술길 31-13,", 2층 (대의동)",61474,,20231018
F10,전남광주통합특별시교육청(광주),동구,학원,3000020084,비욘드잉글리쉬계림캠퍼스학원,20251103,20251103,개원,        ,        ,144,48,입시.검정 및 보습,보통교과,보습,보습, ,Y, ,전남광주통합특별시 동구 중앙로290번길 2,5층(계림동),61413,,20260809
F10,광주광역시교육청,동구,학원,3000012832,비트원디제이아카데미학원,20160628,20160628,개원,        ,99991231,30,8,기예(대),기예(중),"실용음악(성악),",실용음악(성악), ,Y,N,광주광역시 동구 구성로 156-5,", 2층, 3층 (충장로5가)",61480,,20231018
F10,광주광역시교육청,동구,학원,7106,빛고을귀금속공예학원,20100716,20100716,개원,        ,99991231,20,20,직업기술,산업기반기술,"공예,",공예, ,Y,N,광주광역시 동구 충장로 12,", 1층 (충장로5가)",61477,062-224-3696,20231018
F10,광주광역시교육청,동구,학원,1500002370,삼락서예학원,19760426,19760426,개원,        ,99991231,120,30,기예(대),기예(중),"서예,",서예, ,N,N,광주광역시 동구 구성로 219,  3층,501812,062-223-5480,20231018
F10,광주광역시교육청,동구,학원,3000015140,상상숲미술학원,20211220,20211220,개원,        ,99991231,200,15,예능(대),예능(중),미술,미술, ,Y,N,광주광역시 동구 경양로 234,", 107동 332호 (계림동, 그랜드센트럴)",61424,null,20260125
F10,광주광역시교육청,동구,학원,3000017716,새싹학원,20230829,20230829,개원,        ,        ,250,30,입시.검정 및 보습,보통교과,보습,보습, ,Y,N,광주광역시 동구 용산3길 14,1층 101호(용산동),61508,,20240225
F10,광주광역시교육청,동구,학원,3000019965,생각숲학원,20250623,20250623,개원,        ,        ,18,18,기타(대),,,, ,Y,N,광주광역시 동구 무등로375번길 11-1,1층(계림동),61403,010-9279-6649,20250629
F10,광주광역시교육청,동구,학원,3000020001,서강수학학원,20250723,20250723,개원,        ,        ,215,50,입시.검정 및 보습,,,, ,Y,N,광주광역시 동구 무등로375번길 19-2,2층(계림동),61402,,20250831
F10,광주광역시교육청,동구,학원,1500002696,선율음악학원,19831005,19831005,개원,        ,99991231,56,7,예능(대),예능(중),음악,음악, ,N,N,광주광역시 동구 구성로204번길 26-1,", 2층 (대인동)",61473,062-232-0416,20231018
F10,광주광역시교육청,동구,학원,3000012505,세종국어논술학원,20151019,20151019,개원,        ,99991231,300,60,입시.검정 및 보습,보통교과,,보습, ,Y,N,광주광역시 동구 동계천로 136,", 2층 (장동)",501060,062-233-8881,20231018
F10,광주광역시교육청,동구,학원,4992,세종무용학원,20080211,20080211,개원,        ,99991231,80,80,예능(대),예능(중),"무용,",무용, ,Y,N,광주광역시 동구 중앙로 181,  4층,501014,062-225-3379,20240707
F10,광주광역시교육청,동구,학원,3000015201,수리서원에듀학원,20220127,20220127,개원,        ,99991231,30,10,입시.검정 및 보습,보통교과,보습,보습, ,Y,N,광주광역시 동구 용산3길 24,", 1층 일부 (용산동)",61508,null,20251026
F10,전남광주통합특별시교육청(광주),동구,학원,3000017943,수진영어수학학원,20240419,20240419,개원,        ,        ,100,60,입시.검정 및 보습,보통교과,보습,보습, ,Y,N,전남광주통합특별시 동구 경양로235번길 1,(계림동) 프라임타워 6층,61421,,20260809
F10,광주광역시교육청,동구,학원,4254,수학능력키우는수학전문학원,20070130,20070130,개원,        ,99991231,150,30,입시.검정 및 보습,보통교과,,보습, ,Y,N,광주광역시 동구 장동로 23-3,", 3층 (장동)",61436,062-233-1237,20231018
F10,광주광역시교육청,동구,학원,3000013076,수학여우학원,20161209,20161209,개원,        ,99991231,180,30,입시.검정 및 보습,보통교과,보습,보습, ,Y,N,광주광역시 동구 남문로 341-1,", 3층 (월남동)",61511,,20251207
F10,광주광역시교육청,동구,학원,1500000207,수훈보습학원,19900409,19900409,개원,        ,99991231,160,40,입시.검정 및 보습,보통교과,보습,보습, ,Y,N,광주광역시 동구 중앙로272번길 1,  2층 ,501800,062-224-5592,20241229
F10,광주광역시교육청,동구,학원,3000015077,스터디인사이드학원,20211012,20211012,개원,        ,99991231,60,50,입시.검정 및 보습,보통교과,,보습, ,Y,N,광주광역시 동구 의재로 32-1,", 3층 (학동)",61463,,20231018
F10,광주광역시교육청,동구,학원,3000011576,신한국&서초토목건축학원,20131212,20131212,개원,        ,99991231,220,20,종합(대),,"토목,건축,",, ,Y,N,광주광역시 동구 백서로 173,", 3층 (서석동)",501824,062-528-4385,20231018
F10,광주광역시교육청,동구,학원,5590,실력수학학원,20081126,20081126,개원,        ,99991231,30,30,입시.검정 및 보습,보통교과,보습,보습, ,Y,N,광주광역시 동구 동계천로 137-13,  3층,501813,062-233-0712,20250921
F10,광주광역시교육청,동구,학원,3000017752,실전외국어원격학원,20231030,20231030,개원,        ,        ,60,0,국제화,국제,어학(성인),어학(성인), ,Y,N,광주광역시 북구 우치로274번길 59,(오치동) 1층,61121,,20250427
F10,광주광역시교육청,동구,학원,782,아낌없이주는학원,19860418,19860418,개원,        ,99991231,120,20,입시.검정 및 보습,보통교과,보습,보습, ,Y,N,광주광역시 동구 남문로622번길 6,", 3층 일부 (소태동)",61500,062-232-7428,20250323
F10,전남광주통합특별시교육청(광주),동구,학원,3000020341,아담리즈수학동광주센터학원,20260729,20260729,개원,        ,        ,100,20,입시.검정 및 보습,,,, ,Y,N,전남광주통합특별시 동구 무등로375번길 17-18,"1,2층 전부(계림동)",61402,,20260802
F10,광주광역시교육청,동구,학원,3000017920,아담실용음악학원,20240405,20240401,개원,        ,        ,200,10,기예(대),기예(중),기예(중),기예(중), ,Y,N,광주광역시 동구 지호로 57,"(지산동) 2층, 3층",61444,,20260215
F10,광주광역시교육청,동구,학원,3414,아뜰리에미용학원,20051201,20051201,개원,        ,99991231,142,20,직업기술,산업응용기술,,이·미용, ,N,N,광주광역시 동구 서석로 42,"6,7층",501180,062-233-6722,20251207
F10,광주광역시교육청,동구,학원,3000015448,아르떼100엠(M)미술학원,20221011,20221011,개원,        ,99991231,100,20,예능(대),예능(중),,미술, ,Y,N,광주광역시 동구 필문대로 70,", 상가 123동 118호 (계림동, 계림아이파크SK뷰)",61404,,20231018
F10,광주광역시교육청,동구,학원,1500002989,아스카일본어전문학원,19990423,19990423,개원,        ,99991231,250,50,국제화,국제,어학(성인),어학(성인), ,Y,N,광주광역시 동구 예술길 31,", 2‧3층 (대의동)",61474,062-232-1503,20260208
F10,광주광역시교육청,동구,학원,3000011925,아이멘토학원,20140905,20140905,개원,        ,99991231,120,20,입시.검정 및 보습,보통교과,보습,보습, ,Y,N,광주광역시 동구 밤실로30번길 6, 2층(지산동),61443,,20240929
F10,광주광역시교육청,동구,학원,3000014167,아이사랑음악학원,20190311,20190311,개원,        ,99991231,200,10,예능(대),예능(중),음악,음악, ,Y,N,광주광역시 동구 밤실로 100,", 205호 (산수동)",61410,null,20250309
F10,광주광역시교육청,동구,학원,3000015450,아이숲음악학원,20221012,20221012,개원,        ,99991231,70,10,예능(대),예능(중),,음악, ,Y,N,광주광역시 동구 필문대로 70,", 상가 123동 101호 (계림동, 계림아이파크SK뷰)",61404,,20231018
F10,광주광역시교육청,동구,학원,506,아하카이스트학원,20021206,20021206,개원,        ,99991231,140,60,입시.검정 및 보습,보통교과,,보습, ,N,N,광주광역시 동구 동계천로 159-4,", 3층 전체 (동명동)",61434,062-222-8238,20231018
F10,광주광역시교육청,동구,학원,6645,알음알이수학전문학원,20100118,20100118,개원,        ,99991231,60,55,입시.검정 및 보습,보통교과,"보습,",보습, ,Y,N,광주광역시 동구 동계천로 154,  2층 ,501813,062-225-8209,20231018
F10,광주광역시교육청,동구,학원,5527,애니맥스미술학원,20081027,20081027,개원,        ,99991231,160,80,예능(대),예능(중),미술,미술, ,Y,N,광주광역시 동구 중앙로 207-7,", 302호, 303호, 402호 (대인동)",61473,062-232-7181,20260315
F10,광주광역시교육청,동구,학원,3000011273,애니섬만화웹툰미술학원,20130501,20130501,개원,        ,99991231,100,50,예능(대),예능(중),"미술,",미술, ,Y,N,광주광역시 동구 중앙로 212,", 1,2,3,4층 (궁동)",61474,,20231018
F10,광주광역시교육청,동구,학원,1478,애플어학원,20040305,20040305,개원,        ,99991231,200,50,국제화,국제,,어학(성인), ,N,N,광주광역시 동구 중앙로 191,", 2층 (금남로4가)",61472,062-233-9582,20231018
F10,광주광역시교육청,동구,학원,3000012019,액팅스팟(acting spot)연기학원,20141113,20141113,개원,        ,99991231,120,40,기타(대),기타(중),연극,연극, ,Y,N,광주광역시 동구 서석로 41-1,", 4층 일부 (충장로1가)",61483,070-8869-2000,20250209
F10,광주광역시교육청,동구,학원,1229,어린음악대모아미래원음악학원,20040116,20040116,개원,        ,99991231,75,75,예능(대),예능(중),,음악, ,Y,N,광주광역시 동구 학소로76번길 14,모아미래도아파트상가 302호,501828,062-233-2353,20231018
F10,광주광역시교육청,동구,학원,3000015244,에듀플라잇승무원학원,20220311,20220311,개원,        ,99991231,50,50,직업기술,일반서비스,,항공승무원, ,Y,N,광주광역시 동구 금남로 236,", 4층 (금남로2가)",61482,062-710-1683,20231018
F10,전남광주통합특별시교육청(광주),동구,학원,3000013891,에스비에스(SBS)아카데미게임학원,20180802,20180802,개원,        ,99991231,2158,108,직업기술,컴퓨터,게임,게임, ,Y,N,전남광주통합특별시 동구 금남로 238,", 5층일부 (금남로2가)",61482,062-223-0333,20260823
F10,광주광역시교육청,동구,학원,3000015491,에스티엔(STN)영어학원,20221128,20221128,개원,        ,99991231,95,26,입시.검정 및 보습,보통교과,보습,보습, ,Y,N,광주광역시 동구 동계천로 147,", 4층 (동명동)",61434,null,20250330
F10,광주광역시교육청,동구,학원,3418,에이맥스미술학원,20051208,20051208,개원,        ,99991231,400,200,예능(대),예능(중),미술,미술, ,Y,N,광주광역시 동구 중앙로 226,1~7층,501060,062-232-7181,20260315
F10,광주광역시교육청,동구,학원,3000014673,에이엘시시(ALCC)어학원,20200625,20200622,개원,        ,99991231,100,70,국제화,외국어,,실용외국어(유아/초·중·고), ,Y,N,광주광역시 동구 동계천로 162,", 3·4층 (동명동, ALCC)",61436,,20231018
F10,광주광역시교육청,동구,학원,3000014638,에이엘아카데미(AL academy)학원,20200422,20200422,개원,        ,99991231,100,50,입시.검정 및 보습,보통교과,보습,보습, ,Y,N,광주광역시 동구 화산로335번길 7,", 1·2층 (용산동)",61507,null,20250406
F10,광주광역시교육청,동구,학원,3000012851,에이치시제이(HCJ)일본어중국어학원,20171201,20160622,개원,        ,99991231,60,30,입시.검정 및 보습,보통교과,,보습, ,Y,N,광주광역시 동구 충장로 45-16,", 3층 (금남로4가)",61481,,20231018
F10,광주광역시교육청,동구,학원,3000015673,에이펙스영어학원,20230510,20230510,개원,        ,99991231,82,30,입시.검정 및 보습,보통교과,보습,보습, ,Y,N,광주광역시 동구 무등로384번길 33,", 2층 (산수동)",61417,null,20240421
F10,광주광역시교육청,동구,학원,1110,에프투엠지(F2MG)글로벌아카데미미용학원,20031213,20031213,개원,        ,99991231,250,50,직업기술,산업응용기술,이·미용,이·미용, ,Y,N,광주광역시 동구 금남로 195,", 11, 12층 일부, 13층 일부 (금남로4가)",61472,062-232-0064,20260125
F10,광주광역시교육청,동구,학원,3000019819,에프투엠지뷰티입시광주미용학원,20241230,20241230,개원,        ,        ,10,10,기타(대),,,, ,Y,N,광주광역시 동구 금남로 195,", 12층 일부(금남로4가)",61472,,20250202
F10,광주광역시교육청,동구,학원,2706,엔젤간호학원,20050221,20050221,개원,        ,99991231,110,90,직업기술,간호보조기술,간호조무사,간호조무사, ,Y,N,광주광역시 동구 금남로 250-8,  3층,501021,062-233-0007,20251109
F10,광주광역시교육청,동구,학원,2227,엠카이스트수학학원,20050103,20050103,개원,        ,99991231,200,90,입시.검정 및 보습,보통교과,보습,보습, ,Y,N,광주광역시 동구 동계천로 159-4,", 4층 (동명동)",61434,062-222-8238,20260614
F10,광주광역시교육청,동구,학원,5177,영생음악학원,20080428,20080428,개원,        ,99991231,130,20,예능(대),예능(중),음악,음악, ,Y,N,광주광역시 동구 산수길 42,  1층,501820,062-223-1694,20250202
F10,광주광역시교육청,동구,학원,708,영신아카데미학원,20030823,20030823,개원,        ,99991231,120,58,입시.검정 및 보습,보통교과,,보습, ,Y,N,광주광역시 동구 무등로 396,", 3층 (계림동)",501800,062-227-1247,20231018
F10,광주광역시교육청,동구,학원,3000015425,예율음악학원,20220906,20220906,개원,        ,99991231,100,12,예능(대),예능(중),,음악, ,Y,N,광주광역시 동구 남문로 589,", 403동 202호 (용산동, 무등산골드클래스2차)",61504,,20231018
F10,광주광역시교육청,동구,학원,3000013396,오가영수학학원,20170825,20170826,개원,        ,99991231,70,20,입시.검정 및 보습,보통교과,,보습, ,Y,N,광주광역시 동구 학소로76번길 14,", 상가동 301호 (소태동, 모아미래도아파트)",61501,,20231018
F10,광주광역시교육청,동구,학원,4100,오성진선생의수학스케치학원,20061124,20061124,개원,        ,99991231,240,40,입시.검정 및 보습,보통교과,보습,보습, ,Y,N,광주광역시 동구 장동로 23-45,", 4층 (장동)",61436,062-225-4090,20241229
F10,전남광주통합특별시교육청(광주),동구,학원,3000014875,올댓뷰티아카데미미용학원,20210316,20210316,개원,        ,99991231,581,150,직업기술,산업응용기술,이·미용,이·미용, ,Y,N,전남광주통합특별시 동구 금남로 238,", 4층 좌측일부 (금남로2가)",61482,062-412-5530,20260823
F10,전남광주통합특별시교육청(광주),동구,학원,3000019705,올댓뷰티아카데미입시학원,20240821,20240821,개원,        ,        ,440,70,기타(대),기타(중),이·미용,이·미용, ,Y,N,전남광주통합특별시 동구 금남로 238,(금남로2가) 4층 우측 일부,61482,062-412-5530,20260823
F10,광주광역시교육청,동구,학원,3000019836,올바른수학미래엔영어학원,20250108,20250108,개원,        ,        ,100,30,입시.검정 및 보습,,,, ,Y,N,광주광역시 동구 남문로753번길 20,",218호 (학동,무등산 아이파크)",61455,,20250511
F10,광주광역시교육청,동구,학원,3000012574,와이엠수학전문학원,20151215,20151215,개원,        ,99991231,200,50,입시.검정 및 보습,보통교과,보습,보습, ,Y,N,광주광역시 동구 필문대로 50-1,", 2층 (계림동)",61404,null,20250309
F10,광주광역시교육청,동구,학원,3000014359,용산아이멘토학원,20190812,20190812,개원,        ,99991231,100,50,입시.검정 및 보습,보통교과,보습,보습, ,Y,N,광주광역시 동구 용산1로 4,", 조은프라자 303호 (용산동)",61508,062-233-1285,20240929
F10,광주광역시교육청,동구,학원,3000014909,우공산국어논술2관학원,20210425,20210423,개원,        ,99991231,200,50,입시.검정 및 보습,보통교과,보습,보습, ,Y,N,광주광역시 동구 동계천로 143,", 4층 (동명동)",61434,062-225-2555,20240303
F10,광주광역시교육청,동구,학원,530,우공산국어논술학원,20030526,20030526,개원,        ,99991231,200,40,입시.검정 및 보습,보통교과,"보습,보습·논술",보습·논술, ,Y,N,광주광역시 동구 동계천로 143-5,", 2층 (동명동)",61434,062-225-2555,20240218
F10,광주광역시교육청,동구,학원,3000015333,웅진씽크빅스마트올클래스소태학원,20220607,20220607,개원,        ,99991231,416,45,입시.검정 및 보습,보통교과,보습,보습, ,Y,N,광주광역시 동구 남문로622번길 6,", 1층 일부 (소태동)",61500,062-236-1315,20250608
F10,광주광역시교육청,동구,학원,3000014335,웅진씽크빅학습센터계림학원,20190724,20190724,개원,        ,99991231,416,55,입시.검정 및 보습,보통교과,보습,보습, ,Y,N,광주광역시 동구 무등로384번길 33,", 1층 (산수동)",61417,,20250608
F10,광주광역시교육청,동구,학원,3000019821,원아모집성공학원,20241230,20241230,개원,        ,        ,400,0,직업기술,,,, ,Y,N,광주광역시 동구 금남로 202,", 1715호(충장로4가,로머스파크)",61481,,20250202
F10,광주광역시교육청,동구,학원,3000014705,원형수학학원,20200813,20200813,개원,        ,99991231,45,12,입시.검정 및 보습,보통교과,"보습,",보습, ,Y,N,광주광역시 동구 제봉로200번길 1-8,", 2층 (대인동)",61427,,20231018
F10,광주광역시교육청,동구,학원,3000020216,웜실용음악학원,20260304,20260304,개원,        ,        ,100,20,기예(대),기예(중),실용음악(성악),실용음악(성악), ,Y, ,광주광역시 동구 제봉로110번길 17,인재아트빌딩 2층일부 B칸(장동)	,61436,010-4801-4604,20260607
F10,광주광역시교육청,동구,학원,3000020050,윙스카이승무원학원,20250924,20250924,개원,        ,        ,120,35,직업기술,,,, ,Y, ,광주광역시 동구 금남로 250-8,5층(금남로1가),61482,,20250928
F10,광주광역시교육청,동구,학원,3000015205,유캔두잇2영어학원,20220208,20220208,개원,        ,99991231,270,52,입시.검정 및 보습,보통교과,,보습, ,Y,N,광주광역시 동구 경양로305번길 11,", 2층 (산수동, 메이빌딩)",61415,,20231018
F10,광주광역시교육청,동구,학원,3000015656,유클리드수학학원,20230424,20230424,개원,        ,99991231,140,80,입시.검정 및 보습,보통교과,보습,보습, ,Y,N,광주광역시 동구 장동로 23-45,", 2층 (장동)",61436,null,20240929
F10,광주광역시교육청,동구,학원,5968,윤선생영어숲계림학원,20090610,20090610,개원,        ,99991231,300,60,입시.검정 및 보습,보통교과,"보습,",보습, ,Y,N,광주광역시 동구 무등로 338,2층,501803,062-226-0505,20231018
F10,광주광역시교육청,동구,학원,6399,윤선생학운보습학원,20091029,20091029,개원,        ,99991231,120,40,입시.검정 및 보습,보통교과,"보습,",보습, ,Y,N,광주광역시 동구 의재로 123, 무등파크맨션아파트 상가동 202호,501833,062-351-0505,20231018
F10,광주광역시교육청,동구,학원,3000014093,윤형석애견미용학원,20190115,20190115,개원,        ,99991231,30,10,직업기술,일반서비스,,애견미용, ,Y,N,광주광역시 동구 천변우로 383,", 1층 (호남동)",61484,,20231018
F10,광주광역시교육청,동구,학원,3000013127,은비학원,20170203,20170203,개원,        ,99991231,40,20,입시.검정 및 보습,보통교과,,보습, ,Y,N,광주광역시 동구 학소로 126-6,", 1-2층 (학동)",61462,062-232-0820,20231018
F10,광주광역시교육청,동구,학원,1500002443,은성음악학원,19931223,19931223,개원,        ,99991231,100,0,기예(대),예능(중),,음악, ,Y,N,광주광역시 동구 밤실로 147,"두암타운상가동 306,307,308호",501752,062-265-0936,20250427
F10,광주광역시교육청,동구,학원,3000014404,이든음악학원,20190927,20190927,개원,        ,99991231,100,11,예능(대),예능(중),음악,음악, ,Y,N,광주광역시 동구 용산1로 12,", 204호 (용산동)",61508,null,20260208
F10,전남광주통합특별시교육청(광주),동구,학원,3000015394,이란그마영어학원,20220803,20220803,개원,        ,99991231,130,30,입시.검정 및 보습,보통교과,보습,보습, ,Y,N,전남광주통합특별시 동구 갈마로 58,", 402호 (산수동, 성현빌딩)",61409,,20260809
F10,광주광역시교육청,동구,학원,3000010087,이링스영어전문학원,20110411,20110408,개원,        ,99991231,100,50,입시.검정 및 보습,보통교과,"보습,",보습, ,Y,N,광주광역시 동구 예술길 31-9,", 2층~4층 (대의동)",61474,062-433-2999,20231018
F10,광주광역시교육청,동구,학원,1500001775,이상준무용학원,19820203,19820203,개원,        ,99991231,40,40,예능(대),예능(중),무용,무용, ,N,N,광주광역시 동구 구성로 170,3층,501015,062-223-2585,20231018
F10,광주광역시교육청,동구,학원,3000014460,이에스알엠(ESRM)영어학원,20191201,20191111,개원,        ,99991231,200,55,국제화,외국어,실용외국어(유아/초·중·고),실용외국어(유아/초·중·고), ,Y,N,광주광역시 동구 용산1로 12,", 301·302호 (용산동)",61508,null,20260405
F10,광주광역시교육청,동구,학원,3000013760,이엔(EN)어학원,20180425,20180425,개원,        ,99991231,120,50,국제화,국제,어학(성인),어학(성인), ,Y,N,광주광역시 동구 중앙로196번길 31-6,", 2층 (대의동)",61475,null,20241222
F10,전남광주통합특별시교육청(광주),동구,학원,3000015188,이유영어수학학원,20220118,20220118,개원,        ,99991231,90,30,입시.검정 및 보습,보통교과,보습,보습, ,Y,N,전남광주통합특별시 동구 경양로 234,", 107동 342호 (계림동, 그랜드센트럴)",61424,,20260816
F10,광주광역시교육청,동구,학원,3000017760,이정영어학원,20231109,20231109,개원,        ,        ,120,50,입시.검정 및 보습,보통교과,보습,보습, ,Y, ,광주광역시 동구 동계천로 157-1,2층 (동명동),61434,,20240310
F10,광주광역시교육청,동구,학원,3000013207,이젠영수학원,20170328,20170328,개원,        ,99991231,60,30,입시.검정 및 보습,보통교과,보습,보습, ,Y,N,광주광역시 동구 남문로 687,", 3층 일부 (학동)",61464,null,20240331
F10,광주광역시교육청,동구,학원,3000014228,이지ELS(이엘에스)어학원,20190425,20190425,개원,        ,99991231,300,120,국제화,국제,어학(성인),어학(성인), ,Y,N,광주광역시 동구 예술길 31-15,", 201호 일부 (대의동, 광주아트센터)",61474,062-236-0585,20240526
F10,광주광역시교육청,동구,학원,3000012528,이지클래스음악학원,20151105,20151105,개원,        ,99991231,80,10,예능(대),예능(중),음악,음악, ,Y,N,광주광역시 동구 동계로 79,", 2층 (계림동)",61412,062-227-2275,20250727
F10,광주광역시교육청,동구,학원,3000012014,이지토플엔스피킹학원,20141110,20141110,개원,        ,99991231,330,110,국제화,국제,어학(성인),어학(성인), ,Y,N,광주광역시 동구 예술길 31-15,", 2층 일부(대의동)",61474,,20260405
F10,광주광역시교육청,동구,학원,3000012611,이투스247광주동구점학원,20151223,20151223,개원,        ,99991231,280,95,입시.검정 및 보습,보통교과,보습,보습, ,Y,N,광주광역시 동구 서석로 87,", 2,3층 (대의동)",61474,062-227-0247,20250810
F10,광주광역시교육청,동구,학원,3000011025,이형탁영어학원,20121101,20121101,개원,        ,99991231,180,15,입시.검정 및 보습,보통교과,보습,보습, ,Y,N,광주광역시 동구 동계천로 143-5,", 3층 (동명동)",501813,062-225-7722,20250202
F10,광주광역시교육청,동구,학원,3000014776,인공지능빅데이터학원,20201210,20201210,개원,        ,99991231,100,100,직업기술,컴퓨터,,"컴퓨터(정보처리,통신기기,인터넷,소프트웨어)", ,Y,N,광주광역시 동구 중앙로 196,"(금남로3가) 2층, 3층",61475,062-373-9797,20250427
F10,광주광역시교육청,동구,학원,3000014306,인트로댄스스튜디오본점학원,20190702,20190702,개원,        ,99991231,90,80,예능(대),예능(중),무용,무용, ,Y,N,광주광역시 동구 충장로 80-5,", 7층 (충장로2가)",61483,062-225-0703,20260104
F10,광주광역시교육청,동구,학원,3000015136,일대일수학전문학원,20211215,20211215,개원,        ,99991231,150,75,입시.검정 및 보습,보통교과,보습,보습, ,Y,N,광주광역시 동구 중앙로290번길 2,", 2층 일부 (계림동)",61413,null,20250309
F10,광주광역시교육청,동구,학원,3000020144,일브로댄스아카데미(ILLBRODanceAcademy)학원 ,20251226,20251223,개원,        ,        ,150,25,기예(대),기예(중),기예(중),기예(중), ,Y, ,광주광역시 동구 동명로 4,3층 (장동),61436,,20260301
F10,광주광역시교육청,동구,학원,4051,입시평정학원,20061106,20061106,개원,        ,99991231,100,100,입시.검정 및 보습,보통교과,보습,보습, ,N,N,광주광역시 동구 동계천로 151,", 2층 (동명동)",61434,062-234-0303,20240421
F10,광주광역시교육청,동구,학원,3000013410,잇올스파르타관리형독서실,20170904,20170904,개원,        ,99991231,116,114,독서실,독서,"독서실,독서실(유아/초·중·고)",독서실(유아/초·중·고), ,Y,N,광주광역시 동구 중앙로196번길 25,", 5층일부 (궁동)",61475,null,20260426
F10,광주광역시교육청,동구,학원,3000014627,잇올스파르타독학관리학원,20200330,20200327,개원,        ,99991231,330,140,종합(대),,"보습,진학상담지도",, ,Y,N,광주광역시 동구 중앙로196번길 25,", 6층 (궁동)",61475,,20250928
F10,광주광역시교육청,동구,학원,3000019813,잇츠잉글리쉬&매쓰학원,20250106,20241224,개원,        ,        ,120,30,입시.검정 및 보습,,,, ,Y,N,광주광역시 동구 무등로 402,", 2층(계림동)",61417,,20241229
F10,광주광역시교육청,동구,학원,5945,잉글리쉬무무소태학원,20090601,20090601,개원,        ,99991231,100,25,입시.검정 및 보습,보통교과,보습,보습, ,Y,N,광주광역시 동구 남문로622번길 13,", 2층 (소태동)",501828,062-232-9905,20250302
F10,광주광역시교육청,동구,학원,3000013450,잘하는학원,20170928,20170927,개원,        ,99991231,100,40,입시.검정 및 보습,보통교과,보습,보습, ,Y,N,광주광역시 동구 운림길 71,", 상가동 201호 (운림동)",61492,null,20241222
F10,광주광역시교육청,동구,학원,3000017970,장윤환부동산경매실무학원,20240524,20240524,개원,        ,        ,20,20,직업기술,,,, ,Y,N,광주광역시 동구 갈마로 18,", 2층(산수동)",61408,,20240929
F10,광주광역시교육청,동구,학원,6644,정규환과학학원,20100114,20100114,개원,        ,99991231,200,70,입시.검정 및 보습,보통교과,,보습, ,N,N,광주광역시 동구 동계천로 154,"1,4층",501813,062-234-0982,20231018
F10,광주광역시교육청,동구,학원,3000013875,정성수학학원,20180718,20180718,개원,        ,99991231,50,20,입시.검정 및 보습,보통교과,보습,보습, ,Y,N,광주광역시 동구 무등로375번길 26,", 2층 (계림동)",61404,,20241222
F10,광주광역시교육청,동구,학원,3000014430,제이엘미술학원,20191021,20191021,개원,        ,99991231,80,20,예능(대),예능(중),,미술, ,Y,N,광주광역시 동구 남문로 349,", 2층 일부(201호) (월남동)",61514,,20231018
F10,광주광역시교육청,동구,학원,682,조이댄스예능학원,20030812,20030812,개원,        ,99991231,250,70,기예(대),기예(중),댄스,댄스, ,Y,N,광주광역시 동구 중앙로 185,  3층,501851,062-223-0999,20240616
F10,광주광역시교육청,동구,학원,1936,조재욱과학영재학원,20041018,20041018,개원,        ,99991231,80,40,입시.검정 및 보습,보통교과,"보습,",보습, ,N,N,광주광역시 동구 장동로 23-11,3층,501060,062-236-3955,20231018
F10,광주광역시교육청,동구,학원,4644,조형에이맥스미술학원,20070723,20070723,개원,        ,99991231,80,20,예능(대),예능(중),미술,미술, ,Y,N,광주광역시 동구 중앙로 207-7,", 403호 (대인동)",61473,null,20260315
F10,광주광역시교육청,동구,학원,3000014073,존스커피바리스타학원,20181227,20181227,개원,        ,99991231,164,42,직업기술,산업응용기술,,"식음료품(바리스타,소믈리에)", ,Y,N,광주광역시 동구 백서로 115-1,", 5층 (금동)",61488,062-373-6515,20250202
F10,광주광역시교육청,동구,학원,3000014810,주성수학학원,20210118,20210118,개원,        ,99991231,165,60,입시.검정 및 보습,보통교과,,보습, ,Y,N,광주광역시 동구 동계천로 157-1,",  3층 (동명동)",61434,,20240714
F10,광주광역시교육청,동구,학원,3000020008,주애라영어학원,20250804,20250804,개원,        ,        ,50,24,입시.검정 및 보습,,,, ,Y,N,광주광역시 동구 무등로384번길 29-1,2층(계림동),61417,,20250810
F10,광주광역시교육청,동구,학원,3000012332,중앙미용학원,20150701,20150615,개원,        ,99991231,180,60,직업기술,산업응용기술,이·미용,이·미용, ,Y,N,광주광역시 동구 금남로 232-4,3층 (금남로2가),61482,062-224-9888,20250427
F10,광주광역시교육청,동구,학원,3000010286,중허한문서예학원,20110726,20110726,개원,        ,99991231,100,14,기예(대),기예(중),서예,서예, ,N,N,광주광역시 동구 남문로 674,", 301호 (학동)",61463,062-228-5809,20250316
F10,광주광역시교육청,동구,학원,3000019782,중흥음악학원,20241127,20241127,개원,        ,        ,30,20,예능(대),,,, ,Y,N,광주광역시 동구 무등로304번길 52,(계림동) 1층,61421,,20241222
F10,광주광역시교육청,동구,학원,3000012572,지니액터스연기학원,20151201,20151201,개원,        ,99991231,90,45,기타(대),기타(중),,연극, ,Y,N,광주광역시 동구 제봉로 116,", 3층 (장동)",61465,,20231018
F10,광주광역시교육청,동구,학원,3000010548,지니음악학원,20111222,20111216,개원,        ,99991231,105,15,예능(대),예능(중),음악,음악, ,Y,N,광주광역시 동구 남문로693번길 11,", 학2마을아파트 상가동 205호 일부 (학동)",501841,062-227-6778,20250323
F10,광주광역시교육청,동구,학원,3000015187,지서경국어전문학원,20220117,20220117,개원,        ,99991231,30,11,입시.검정 및 보습,보통교과,,보습, ,Y,N,광주광역시 동구 경양로 356-1,", 2층 (산수동)",61433,,20231018
F10,광주광역시교육청,동구,학원,3000015651,지앤비&패럴랙스계림학원,20230418,20230418,개원,        ,99991231,225,45,입시.검정 및 보습,보통교과,,보습, ,Y,N,광주광역시 동구 필문대로 50-1,", 4층 (계림동)",61404,,20231018
F10,광주광역시교육청,동구,학원,3000014679,지져스모델학원,20200629,20200629,개원,        ,99991231,70,30,기타(대),기타(중),모델,모델, ,Y,N,광주광역시 동구 서석로 40,5층(광산동),61487,062-233-1109,20260315
F10,광주광역시교육청,동구,학원,3000014996,지혜샘수학과학학원,20210716,20210716,개원,        ,99991231,90,30,입시.검정 및 보습,보통교과,보습,보습, ,Y,N,광주광역시 동구 밤실로30번길 4-3,", 3층 일부 (지산동)",61443,null,20251019
F10,광주광역시교육청,동구,학원,3000013225,창조의아침미술학원,20170406,20170406,개원,        ,99991231,136,32,예능(대),예능(중),"미술,",미술, ,Y,N,광주광역시 동구 금남로 241-7,", 3층 (금남로2가)",61475,062-228-3701,20231018
F10,광주광역시교육청,동구,학원,3000020088,책나무가람국어학원,20251111,20251111,개원,        ,        ,0,0,입시.검정 및 보습,,,, ,Y, ,광주광역시 동구 무등로 398-1,3층(계림동),61417,,20251116
F10,광주광역시교육청,동구,학원,1500000004,청담더뷰티미용학원,19990906,19990906,개원,        ,99991231,240,50,직업기술,산업응용기술,"이·미용,",이·미용, ,Y,N,광주광역시 동구 충장로 80-5,", 5층 (충장로2가)",61483,062-225-6363,20231018
F10,전남광주통합특별시교육청(광주),동구,학원,3000019889,청어람수학학원,20250314,20250314,개원,        ,        ,200,70,입시.검정 및 보습,보통교과,보습,보습, ,Y,N,전남광주통합특별시 동구 남문로 644,", 2층(소태동)",61498,,20260712
F10,광주광역시교육청,동구,학원,3326,최미애전통무용학원,20051031,20051031,개원,        ,99991231,20,10,예능(대),예능(중),무용,무용, ,N,N,광주광역시 동구 충장로 25,", 3층 (충장로5가)",61476,062-527-8550,20231018
F10,광주광역시교육청,동구,학원,3000010246,최현욱영어학원,20110702,20110702,개원,        ,99991231,150,65,입시.검정 및 보습,보통교과,"보습,",보습, ,N,N,광주광역시 동구 동계천로 151,  3층,501813,062-236-2202,20240616
F10,광주광역시교육청,동구,학원,5318,최호진국어학원,20080707,20080707,개원,        ,99991231,80,16,입시.검정 및 보습,보통교과,보습,보습, ,N,N,광주광역시 동구 남문로 669,   5층 ,501848,062-228-4004,20240929
F10,광주광역시교육청,동구,학원,3000012977,카르페디엠연기학원,20161017,20161017,개원,        ,99991231,60,40,기타(대),기타(중),연극,연극, ,Y,N,광주광역시 동구 독립로 258,", 4층 (금남로5가)",61471,null,20240519
F10,광주광역시교육청,동구,학원,3000015203,커넥츠프랩공시관서석점학원,20220207,20220207,개원,        ,99991231,112,112,인문사회(대),인문사회(중),,성인고시, ,Y,N,광주광역시 동구 제봉로 92,", 5층 일부 (서석동, 대성학원)",61465,062-227-5114,20231018
F10,광주광역시교육청,동구,학원,3000014665,커스텀모델학원,20200617,20200617,개원,        ,99991231,60,20,기예(대),기예(중),,모델, ,Y,N,광주광역시 동구 서석로85번길 1,", 3층 일부 (대의동)",61474,,20231018
F10,광주광역시교육청,동구,학원,3000013573,케이-안아나운서아카데미학원,20171226,20171226,개원,        ,99991231,16,4,기예(대),기예(중),,화술, ,Y,N,광주광역시 동구 중앙로196번길 31-6,", 5층일부 (대의동)",61475,062-222-1022,20231018
F10,광주광역시교육청,동구,학원,3000017835,케이뷰티·팝아카데미학원,20240111,20240111,개원,        ,        ,240,60,종합(대),,"댄스,실용음악(성악),이·미용",, ,Y,N,광주광역시 동구 금남로 202,", 201호(충장로4가,로머스파크) 상층부 일부",61481,062-233-9287,20240929
F10,광주광역시교육청,동구,학원,3000015213,코퍼스어학원,20220215,20220215,개원,        ,99991231,100,20,국제화,외국어,,실용외국어(유아/초·중·고), ,Y,N,광주광역시 동구 경양로 336,", 2층, 3층(산수동)",61432,,20241222
F10,광주광역시교육청,동구,학원,3000014376,쿤스트뮤직피아노입시전문학원,20110616,20110616,개원,        ,99991231,100,10,예능(대),예능(중),음악,음악, ,Y,N,광주광역시 동구 용산1로 4,", 조은프라자 201호 (용산동)",61508,,20250706
F10,광주광역시교육청,동구,학원,3000015209,퀼트앤소잉학원,20220214,20220214,개원,        ,99991231,50,17,직업기술,산업기반기술,공예,공예, ,Y,N,광주광역시 동구 의재로 149-7,", 303호 (운림동, 라인2차아파트)",61492,null,20241103
F10,전남광주통합특별시교육청(광주),동구,학원,5113,클라이영어학원,20080401,20080401,개원,        ,99991231,16,40,입시.검정 및 보습,보통교과,보습,보습, ,Y,N,전남광주통합특별시 동구 필문대로 48,", 2층 (계림동)",501858,062-263-0534,20260809
F10,광주광역시교육청,동구,학원,1500001029,킹콩컴퓨터학원,19910715,19910715,개원,        ,99991231,200,100,직업기술,컴퓨터,,"컴퓨터(정보처리,통신기기,인터넷,소프트웨어)", ,N,N,광주광역시 동구 제봉로 19,  4층 ,501841,062-433-4333,20250316
F10,광주광역시교육청,동구,학원,3000012041,탑리더학원,20141128,20141128,개원,        ,99991231,156,40,입시.검정 및 보습,보통교과,보습,보습, ,Y,N,광주광역시 동구 남문로622번길 15,", 1층, 2층 (소태동)",61498,062-223-0982,20240714
F10,광주광역시교육청,동구,학원,3110,탑브레인학원,20050719,20050719,개원,        ,99991231,20,40,입시.검정 및 보습,보통교과,"보습,",보습, ,Y,N,광주광역시 동구 의재로 142,  2층 ,501833,062-227-9100,20231018
F10,광주광역시교육청,동구,학원,4682,탑클레스아카데미학원,20070814,20070814,개원,        ,99991231,240,60,입시.검정 및 보습,보통교과,보습,보습, ,Y,N,광주광역시 동구 동계천로 143,  3층,501813,062-232-1900,20240303
F10,광주광역시교육청,동구,학원,3000017803,토킹클럽계림어학원,20231218,20231218,개원,        ,        ,300,100,국제화,외국어,실용외국어(유아/초·중·고),실용외국어(유아/초·중·고), ,Y,N,광주광역시 동구 무등로 392,", 3층 일부(계림동)",61417,,20260125
F10,광주광역시교육청,동구,학원,3000019894,트랙잉글리시에듀학원,20250317,20250317,개원,        ,        ,120,50,입시.검정 및 보습,,,, ,Y, ,광주광역시 동구 남문로 343, 4층 401호(월남동),61514,,20250323
F10,광주광역시교육청,동구,학원,3000015316,트리니티커피전문학원,20220523,20220523,개원,        ,99991231,40,20,직업기술,산업응용기술,,"식음료품(바리스타,소믈리에)", ,Y,N,광주광역시 동구 천변좌로 606,", 4층 일부 (소태동, 청하빌딩)",61506,062-682-9091,20231018
F10,전남광주통합특별시교육청(광주),동구,학원,3000020130,튼튼수학＆리드아이문해력학원,20251215,20251215,개원,        ,        ,500,63,입시.검정 및 보습,보통교과,보습,보습, ,Y, ,전남광주통합특별시 동구 남문로 341,",201,202,203호(월남동)",61514,,20260719
F10,광주광역시교육청,동구,학원,3000015335,파머스어학원,20220610,20220610,개원,        ,99991231,150,70,국제화,외국어,실용외국어(유아/초·중·고),실용외국어(유아/초·중·고), ,Y,N,광주광역시 동구 남문로 349,", 2층 일부 (월남동)",61514,,20231018
F10,광주광역시교육청,동구,학원,3000017707,파머스영어3관더조은수학과학학원,20230802,20230802,개원,        ,        ,180,70,입시.검정 및 보습,,,, ,Y,N,광주광역시 동구 동계로 61,(계림동) 2층,61414,,20231018
F10,광주광역시교육청,동구,학원,3000014379,파이브(F.I.V.E.)패션포트폴리오일러스트레이션학원,20190829,20190828,개원,        ,99991231,50,25,기예(대),기예(중),미술,미술, ,Y,N,광주광역시 동구 중앙로196번길 31-6,", 7층 일부 (대의동)",61475,null,20240114
F10,광주광역시교육청,동구,학원,3000012002,패션아트디자인학원,20141104,20141104,개원,        ,99991231,60,20,직업기술,산업기반기술,"의복,",의복, ,Y,N,광주광역시 동구 제봉로 70,", 5층 (서석동)",501824,062-229-8700,20231018
F10,광주광역시교육청,동구,학원,3000012126,포커스영수학원,20150114,20150114,개원,        ,99991231,60,30,입시.검정 및 보습,보통교과,,보습, ,Y,N,광주광역시 동구 화산로 257,", 3층 301호(용산동) (용산동, 부용빌딩)",61508,,20231018
F10,광주광역시교육청,동구,학원,3000013666,푸로레커피랩학원,20180226,20180220,개원,        ,99991231,26,12,직업기술,산업응용기술,,"식음료품(바리스타,소믈리에)", ,Y,N,광주광역시 동구 백서로 235,", 2,3층 (동명동)",61436,,20231018
F10,광주광역시교육청,동구,학원,3000011435,푸른잎사귀임업·조경학원,20110816,20110816,개원,        ,99991231,80,40,직업기술,산업기반기술,,조경, ,Y,N,광주광역시 동구 필문대로 143,", 3층 (산수동)",61407,062-955-1732,20231018
F10,광주광역시교육청,동구,학원,5079,푸른콩피아노학원,20080314,20080314,개원,        ,99991231,80,12,예능(대),예능(중),음악,음악, ,Y,N,광주광역시 동구 의재로 149-7,", 상가동 304호 (운림동, 라인2차아파트)",61492,062-226-6028,20260426
F10,광주광역시교육청,동구,학원,3000011511,플라잉크루(flying crew)승무원학원,20131029,20131028,개원,        ,99991231,100,40,직업기술,일반서비스,항공승무원,항공승무원, ,Y,N,광주광역시 동구 중앙로196번길 31-6,", 6층 (대의동)",61475,062-234-6065,20260104
F10,광주광역시교육청,동구,학원,3000012345,플랜티어학원,20150630,20150630,개원,        ,99991231,880,220,국제화,국제,어학(성인),어학(성인), ,Y,N,광주광역시 동구 예술길 31-15,", 3층(대의동)",61474,062-232-0582,20260607
F10,광주광역시교육청,동구,학원,5579,플러그인실용음악학원,20081124,20081124,개원,        ,99991231,165,20,기예(대),기예(중),실용음악(성악),실용음악(성악), ,Y,N,광주광역시 동구 중앙로 185,  2층,501851,062-223-0999,20240623
F10,광주광역시교육청,동구,학원,3000011908,필로소피뮤직아카데미실용음악학원,20140821,20140821,개원,        ,99991231,120,30,기예(대),기예(중),,실용음악(성악), ,N,N,광주광역시 동구 충장로 68,", 4층 (충장로3가)",61483,,20231018
F10,광주광역시교육청,동구,학원,3000015056,하다국어수학전문학원,20210917,20210917,개원,        ,99991231,160,50,입시.검정 및 보습,보통교과,보습,보습, ,Y,N,광주광역시 동구 무등로 405,", 5층 501-1호 (계림동)",61405,null,20240114
F10,광주광역시교육청,동구,학원,3000015026,하드캐리영수학원,20210901,20210819,개원,        ,99991231,200,80,입시.검정 및 보습,보통교과,보습,보습, ,Y,N,광주광역시 동구 경양로 234,"상가 107동 334, 335, 344호(계림동,그랜드센트럴)",61424,,20250629
F10,광주광역시교육청,동구,학원,6325,하이(high)보습학원,20091006,20091006,개원,        ,99991231,120,30,입시.검정 및 보습,보통교과,보습,보습, ,Y,N,광주광역시 동구 밤실로 152-1,", 3층 일부 (산수동)",61409,062-263-9978,20260208
F10,광주광역시교육청,동구,학원,5320,하이원학원,20080704,20080704,개원,        ,99991231,120,20,입시.검정 및 보습,보통교과,보습,보습, ,Y,N,광주광역시 동구 의재로 151,3층,501834,062-225-9902,20250202
F10,광주광역시교육청,동구,학원,3000012661,한국직업기술학원,20160223,20160223,개원,        ,99991231,60,30,직업기술,경영·사무관리,,보험, ,Y,N,광주광역시 동구 천변우로 339,", 306호 (수기동)",61478,,20231018
F10,광주광역시교육청,동구,학원,1500001954,한국화에이맥스미술학원,19880428,19880428,개원,        ,99991231,160,56,예능(대),예능(중),미술,미술, ,Y,N,광주광역시 동구 중앙로 207-7,", 4층 401호 (대인동)",61473,062-236-0124,20240317
F10,광주광역시교육청,동구,학원,4191,한무릎학원,20061226,20061226,개원,        ,99991231,80,14,입시.검정 및 보습,보통교과,보습,보습, ,Y,N,광주광역시 동구 남문로 592,  2층 ,501827,062-227-0125,20250907
F10,광주광역시교육청,동구,학원,3000013058,한빛기술학원,20161216,20161216,개원,        ,99991231,460,80,종합(대),,"전기,건축,안전관리,컴퓨터(정보처리,통신기기,인터넷,소프트웨어),",, ,Y,N,광주광역시 동구 서암대로 324,", 3층 (계림동)",61401,062-571-9930,20231018
F10,광주광역시교육청,동구,학원,3000020048,한솔노피곰광주계림학원,20250924,20250924,개원,        ,        ,60,0,입시.검정 및 보습,보통교과,보습,보습, ,Y,N,광주광역시 동구 무등로 326-1,",3층(계림동)",61419,,20260315
F10,광주광역시교육청,동구,학원,3000015653,한양음악학원,20230419,20230419,개원,        ,99991231,100,40,예능(대),예능(중),음악,음악, ,Y,N,광주광역시 동구 경양로 234,", 108동 상가 2층일부 (계림동, 그랜드센트럴)",61424,null,20240310
F10,광주광역시교육청,동구,학원,5845,한양학원,20090407,20090407,개원,        ,99991231,220,120,입시.검정 및 보습,보통교과,검정,검정, ,Y,N,광주광역시 동구 예술길 31-11,", 2층, 3층 (대의동)",61474,062-228-0090,20260412
F10,광주광역시교육청,동구,학원,3000011310,한우리독서토론논술광주동구보습학원,20130527,20130527,개원,        ,99991231,30,10,입시.검정 및 보습,보통교과,보습,보습, ,Y,N,광주광역시 동구 학소로76번길 14,", 상가동 201호 (소태동,모아미래도아파트)",501724,null,20250427
F10,광주광역시교육청,동구,학원,3000010088,합격독서실,20110314,20110311,개원,        ,99991231,190,190,독서실,독서,"독서실(일반인),",독서실(일반인), ,N,N,광주광역시 동구 동명로 16,  3층 ,501814,,20231018
F10,광주광역시교육청,동구,학원,6767,해성무용학원,20100308,20100308,개원,        ,99991231,45,15,예능(대),예능(중),무용,무용, ,Y,N,광주광역시 동구 남문로 690,  3층 학동,501848,062-232-4764,20231018
F10,광주광역시교육청,동구,학원,3000015130,해요미(HEYOME)영어수학학원,20211209,20211209,개원,        ,99991231,270,30,입시.검정 및 보습,보통교과,보습,보습, ,Y,N,광주광역시 동구 남문로 667,", 3층 (학동)",61464,062-222-1123,20240310
F10,광주광역시교육청,동구,학원,3000014820,허브뜨레종공예학원,20210203,20210203,개원,        ,99991231,329,10,기예(대),기예(중),"공예(종이접기,꽃꽂이,꽃기예)","공예(종이접기,꽃꽂이,꽃기예)", ,Y,N,광주광역시 동구 동계천로 126,", 2층 (장동)",61436,null,20240929
F10,광주광역시교육청,동구,학원,3000011027,헤어깟또아카데미학원,20121024,20121024,개원,20180111,20180117,635,130,직업기술,산업응용기술,이·미용,이·미용, ,Y,N,광주광역시 동구 제봉로 221-31,"401호(대인동,라나빌딩)",61470,062-234-2265,20250727
F10,광주광역시교육청,동구,학원,2943,현산학원,20050427,20050427,개원,        ,99991231,180,60,입시.검정 및 보습,보통교과,보습,보습, ,Y,N,광주광역시 동구 장동로 15-2,", 3층 (장동)",61436,062-233-0988,20260104
F10,광주광역시교육청,동구,학원,3000015102,혜윰학원,20211115,20211115,개원,        ,99991231,90,20,입시.검정 및 보습,보통교과,,보습, ,Y,N,광주광역시 동구 무등로 396,", 2층 (계림동)",61417,,20250427
F10,광주광역시교육청,동구,학원,3000015336,호남요리학원,20220610,20220610,개원,        ,99991231,70,25,직업기술,산업응용기술,,"식음료품(바리스타,소믈리에)", ,Y,N,광주광역시 동구 무등로 374,", 104호, 105호 (계림동, 두산위브 상가)",61412,,20240929
F10,광주광역시교육청,동구,학원,1500000460,호남제과전문학원,20000904,20000904,개원,        ,99991231,120,40,직업기술,산업응용기술,"식음료품(바리스타,소믈리에)","식음료품(바리스타,소믈리에)", ,Y,N,광주광역시 동구 중앙로 170,  301호 3층 ,501013,062-233-0252,20260208
F10,광주광역시교육청,동구,학원,1500000923,홍림보습학원,19990928,19990928,개원,        ,99991231,70,30,입시.검정 및 보습,보통교과,"보습,",보습, ,Y,N,광주광역시 동구 의재로 69,  3층 ,501843,062-227-1503,20251207

