상가업소번호,상호명,지점명,상권업종대분류코드,상권업종대분류명,상권업종중분류코드,상권업종중분류명,상권업종소분류코드,상권업종소분류명,표준산업분류코드,표준산업분류명,시도코드,시도명,시군구코드,시군구명,행정동코드,행정동명,법정동코드,법정동명,지번코드,대지구분코드,대지구분명,지번본번지,지번부번지,지번주소,도로명코드,도로명,건물본번지,건물부번지,건물관리번호,건물명,도로명주소,구우편번호,신우편번호,동정보,층정보,호정보,경도,위도
24328696,스위스약국,,S,의료,S02,약국/한약방,S02A01,약국,G47811,의약품 및 의료용품 소매업,29,광주광역시,29110,동구,2911057000,계림2동,2911010900,계림동,2.91E+18,1,대지,100,1,광주광역시 동구 계림동 100-1,2.91E+11,광주광역시 동구 필문대로,12,7,2.91E+24,금호타운,광주광역시 동구 필문대로 12-7,501080,61402,,1,122,126.9211363,35.16404869
26129429,류호정내과,,S,의료,S01,병원,S01B07,내과/외과,Q86201,일반 의원,29,광주광역시,29110,동구,2911057000,계림2동,2911010900,계림동,2.91E+18,1,대지,100,1,광주광역시 동구 계림동 100-1,2.91E+11,광주광역시 동구 필문대로,12,7,2.91E+24,금호타운,광주광역시 동구 필문대로 12-7,501080,61402,,1,,126.9211363,35.16404869
15499937,광주우리약국,,S,의료,S02,약국/한약방,S02A01,약국,G47811,의약품 및 의료용품 소매업,29,광주광역시,29110,동구,2911057000,계림2동,2911010900,계림동,2.91E+18,1,대지,100,1,광주광역시 동구 계림동 100-1,2.91E+11,광주광역시 동구 필문대로,12,7,2.91E+24,금호타운,광주광역시 동구 필문대로 12-7,501802,61402,111,,1501,126.9228934,35.16315392
15779929,우리중앙마취통증의학과,,S,의료,S01,병원,S01B99,기타병원,,,29,광주광역시,29110,동구,2911057000,계림2동,2911010900,계림동,2.91E+18,1,대지,100,1,광주광역시 동구 계림동 100-1,2.91E+11,광주광역시 동구 필문대로,12,7,2.91E+24,금호타운,광주광역시 동구 필문대로 12-7,501802,61402,109,,1901,126.922759,35.16253076
21281572,스위스약국,,S,의료,S02,약국/한약방,S02A01,약국,G47811,의약품 및 의료용품 소매업,29,광주광역시,29110,동구,2911057000,계림2동,2911010900,계림동,2.91E+18,1,대지,100,11,광주광역시 동구 계림동 100-11,2.91E+11,광주광역시 동구 중앙로,358,,2.91E+24,금호계림주상복합,광주광역시 동구 중앙로 358,501751,61402,,,,126.9202537,35.16356308
21374135,김병호치과,,S,의료,S01,병원,S01B04,치과의원,Q86202,치과 의원,29,광주광역시,29110,동구,2911057000,계림2동,2911010900,계림동,2.91E+18,1,대지,100,11,광주광역시 동구 계림동 100-11,2.91E+11,광주광역시 동구 중앙로,358,,2.91E+24,금호계림주상복합,광주광역시 동구 중앙로 358,501751,61402,,,,126.9202537,35.16356308
27693395,이민오외과,,S,의료,S01,병원,S01B07,내과/외과,Q86201,일반 의원,29,광주광역시,29110,동구,2911056000,계림1동,2911010900,계림동,2.91E+18,1,대지,1005,,광주광역시 동구 계림동 1005,2.91E+11,광주광역시 동구 서암대로,320,,2.92E+24,,광주광역시 동구 서암대로 320,501080,61401,,,,126.9183821,35.16480833
27689877,이현수한의원,,S,의료,S01,병원,S01B06,한의원,Q86203,한의원,29,광주광역시,29110,동구,2911056000,계림1동,2911010900,계림동,2.91E+18,1,대지,1010,,광주광역시 동구 계림동 1010,2.91E+11,광주광역시 동구 서암대로,326,1,2.92E+24,,광주광역시 동구 서암대로 326-1,501080,61401,,,,126.9191747,35.16463513
21287443,최치과의원,,S,의료,S01,병원,S01B04,치과의원,Q86202,치과 의원,29,광주광역시,29110,동구,2911056000,계림1동,2911010900,계림동,2.91E+18,1,대지,1011,,광주광역시 동구 계림동 1011,2.91E+11,광주광역시 동구 서암대로,328,,2.92E+24,,광주광역시 동구 서암대로 328,501080,61401,,,,126.9193515,35.16454657
21342426,원제당한약방,,S,의료,S01,병원,S01B06,한의원,Q86203,한의원,29,광주광역시,29110,동구,2911057000,계림2동,2911010900,계림동,2.91E+18,1,대지,181,6,광주광역시 동구 계림동 181-6,2.91E+11,광주광역시 동구 중앙로,308,,2.91E+24,,광주광역시 동구 중앙로 308,501080,61413,,,,126.9208166,35.15916932
26034034,광일약국,,S,의료,S02,약국/한약방,S02A01,약국,G47811,의약품 및 의료용품 소매업,29,광주광역시,29110,동구,2911057000,계림2동,2911010900,계림동,2.91E+18,1,대지,217,1,광주광역시 동구 계림동 217-1,2.91E+11,광주광역시 동구 계림로,28,2,2.91E+24,,광주광역시 동구 계림로 28-2,501080,61415,,,,126.9230268,35.15636763
21262523,이석종치과의원,,S,의료,S01,병원,S01B04,치과의원,Q86202,치과 의원,29,광주광역시,29110,동구,2911057000,계림2동,2911010900,계림동,2.91E+18,1,대지,250,68,광주광역시 동구 계림동 250-68,2.91E+11,광주광역시 동구 중앙로290번길,2,,2.91E+24,,광주광역시 동구 중앙로290번길 2,501080,61413,,,,126.9208936,35.15749342
26035303,광명당약국,,S,의료,S02,약국/한약방,S02A01,약국,G47811,의약품 및 의료용품 소매업,29,광주광역시,29110,동구,2911057000,계림2동,2911010900,계림동,2.91E+18,1,대지,250,96,광주광역시 동구 계림동 250-96,2.91E+11,광주광역시 동구 중앙로,276,,2.91E+24,,광주광역시 동구 중앙로 276,501080,61413,,1,,126.9208765,35.15629442
22761234,계림요양병원,,S,의료,S01,병원,S01B17,노인/치매병원,Q86102,일반 병원,29,광주광역시,29110,동구,2911056000,계림1동,2911010900,계림동,2.91E+18,1,대지,288,7,광주광역시 동구 계림동 288-7,2.91E+11,광주광역시 동구 구성로,268,,2.91E+24,,광주광역시 동구 구성로 268,501080,61423,,,,126.9196959,35.15759993
24445473,광주척추신체교정원,,S,의료,S01,병원,S01B07,내과/외과,Q86201,일반 의원,29,광주광역시,29110,동구,2911056000,계림1동,2911010900,계림동,2.91E+18,1,대지,293,11,광주광역시 동구 계림동 293-11,2.91E+11,광주광역시 동구 구성로,258,1,2.91E+24,,광주광역시 동구 구성로 258-1,501080,61423,1,,,126.9190108,35.15711608
20649738,세화당,광주지점,S,의료,S02,약국/한약방,S02A02,한약방,G47811,의약품 및 의료용품 소매업,29,광주광역시,29110,동구,2911056000,계림1동,2911010900,계림동,2.91E+18,1,대지,294,17,광주광역시 동구 계림동 294-17,2.91E+11,광주광역시 동구 구성로,254,7,2.91E+24,,광주광역시 동구 구성로 254-7,501080,61423,,1,,126.9188509,35.1567541
25139781,광제당한약국,,S,의료,S02,약국/한약방,S02A02,한약방,G47811,의약품 및 의료용품 소매업,29,광주광역시,29110,동구,2911056000,계림1동,2911010900,계림동,2.91E+18,1,대지,294,17,광주광역시 동구 계림동 294-17,2.91E+11,광주광역시 동구 구성로,254,7,2.91E+24,,광주광역시 동구 구성로 254-7,501080,61423,1,1,,126.9188509,35.1567541
26034378,광제당한약국,,S,의료,S02,약국/한약방,S02A01,약국,G47811,의약품 및 의료용품 소매업,29,광주광역시,29110,동구,2911056000,계림1동,2911010900,계림동,2.91E+18,1,대지,294,17,광주광역시 동구 계림동 294-17,2.91E+11,광주광역시 동구 구성로,256,1,2.91E+24,,광주광역시 동구 구성로 256-1,501080,61423,,,,126.9188928,35.15690771
21324045,중앙당한약방,,S,의료,S01,병원,S01B06,한의원,Q86203,한의원,29,광주광역시,29110,동구,2911056000,계림1동,2911010900,계림동,2.91E+18,1,대지,334,6,광주광역시 동구 계림동 334-6,2.91E+11,광주광역시 동구 경양로,282,,2.91E+24,,광주광역시 동구 경양로 282,501080,61428,,,,126.9201291,35.15471934
27749488,디자인치과기공소,,S,의료,S03,유사의료업,S03B06,치과기공소,C27192,정형외과용 및 신체보정용 기기 제조업,29,광주광역시,29110,동구,2911056000,계림1동,2911010900,계림동,2.91E+18,1,대지,465,11,광주광역시 동구 계림동 465-11,2.91E+11,광주광역시 동구 구성로,240,,2.91E+24,,광주광역시 동구 구성로 240,501080,61428,,,,126.9175235,35.15587691
24475789,영생당건재,,S,의료,S02,약국/한약방,S02A02,한약방,G47811,의약품 및 의료용품 소매업,29,광주광역시,29110,동구,2911056000,계림1동,2911010900,계림동,2.91E+18,1,대지,471,19,광주광역시 동구 계림동 471-19,2.91E+11,광주광역시 동구 경양로236번길,19,33,2.91E+24,,광주광역시 동구 경양로236번길 19-33,501080,61425,,,1,126.9164532,35.15547974
21295063,광림당한약국,,S,의료,S02,약국/한약방,S02A01,약국,G47811,의약품 및 의료용품 소매업,29,광주광역시,29110,동구,2911056000,계림1동,2911010900,계림동,2.91E+18,1,대지,471,29,광주광역시 동구 계림동 471-29,2.91E+11,광주광역시 동구 구성로,234,,2.91E+24,,광주광역시 동구 구성로 234,501080,61428,,,,126.9170785,35.15550336
26380781,정산한약방,,S,의료,S01,병원,S01B06,한의원,Q86203,한의원,29,광주광역시,29110,동구,2911056000,계림1동,2911010900,계림동,2.91E+18,1,대지,478,28,광주광역시 동구 계림동 478-28,2.91E+11,광주광역시 동구 구성로,237,2,2.91E+24,,광주광역시 동구 구성로 237-2,501080,61425,,,,126.9172585,35.15600073
26422534,체질건강약국,,S,의료,S02,약국/한약방,S02A01,약국,G47811,의약품 및 의료용품 소매업,29,광주광역시,29110,동구,2911056000,계림1동,2911010900,계림동,2.91E+18,1,대지,505,900,광주광역시 동구 계림동 505-900,2.91E+11,광주광역시 동구 무등로,314,,2.91E+24,홈플러스광주계림점,광주광역시 동구 무등로 314,501080,61419,,,,126.9166706,35.16143086
21361794,한사랑가정의학과의원,,S,의료,S01,병원,S01B07,내과/외과,Q86201,일반 의원,29,광주광역시,29110,동구,2911057000,계림2동,2911010900,계림동,2.91E+18,1,대지,519,12,광주광역시 동구 계림동 519-12,2.91E+11,광주광역시 동구 무등로,414,,2.91E+24,,광주광역시 동구 무등로 414,501080,61417,,,,126.9273524,35.15878568
12050839,신세계온누리약국,,S,의료,S02,약국/한약방,S02A01,약국,G47811,의약품 및 의료용품 소매업,29,광주광역시,29110,동구,2911057000,계림2동,2911010900,계림동,2.91E+18,1,대지,519,12,광주광역시 동구 계림동 519-12,2.91E+11,광주광역시 동구 무등로,414,,2.91E+24,,광주광역시 동구 무등로 414,501080,61417,,1,,126.9273524,35.15878568
24315883,부강한약국,,S,의료,S02,약국/한약방,S02A01,약국,G47811,의약품 및 의료용품 소매업,29,광주광역시,29110,동구,2911057000,계림2동,2911010900,계림동,2.91E+18,1,대지,52,,광주광역시 동구 계림동 52,2.91E+11,광주광역시 동구 무등로,374,,2.91E+24,두산위브아파트,광주광역시 동구 무등로 374,501750,61412,,,103,126.9240268,35.15877422
16335254,바른생각,차승래치과의원,S,의료,S01,병원,S01B04,치과의원,Q86202,치과 의원,29,광주광역시,29110,동구,2911057000,계림2동,2911010900,계림동,2.91E+18,1,대지,522,12,광주광역시 동구 계림동 522-12,2.91E+11,광주광역시 동구 무등로,386,,2.91E+24,,광주광역시 동구 무등로 386,501800,61417,,,,126.9249967,35.16013491
9147620,맑은약국,,S,의료,S02,약국/한약방,S02A01,약국,G47811,의약품 및 의료용품 소매업,29,광주광역시,29110,동구,2911056000,계림1동,2911010900,계림동,2.91E+18,1,대지,531,11,광주광역시 동구 계림동 531-11,2.91E+11,광주광역시 동구 중흥로213번길,4,1,2.91E+24,,광주광역시 동구 중흥로213번길 4-1,501080,61419,,1,68,126.917246,35.16025518
21269027,원광한의원,,S,의료,S01,병원,S01B06,한의원,Q86203,한의원,29,광주광역시,29110,동구,2911056000,계림1동,2911010900,계림동,2.91E+18,1,대지,547,13,광주광역시 동구 계림동 547-13,2.91E+11,광주광역시 동구 무등로321번길,20,11,2.91E+24,,광주광역시 동구 무등로321번길 20-11,501080,61401,,,,126.9194961,35.16357436
20424049,정산한약방,,S,의료,S02,약국/한약방,S02A02,한약방,G47811,의약품 및 의료용품 소매업,29,광주광역시,29110,동구,2911056000,계림1동,2911010900,계림동,2.91E+18,1,대지,553,14,광주광역시 동구 계림동 553-14,2.91E+11,광주광역시 동구 중앙로,341,,2.91E+24,,광주광역시 동구 중앙로 341,501080,61401,,1,,126.9199973,35.1621997
23005537,자모여성의원,,S,의료,S01,병원,S01B10,산부인과,Q86201,일반 의원,29,광주광역시,29110,동구,2911056000,계림1동,2911010900,계림동,2.91E+18,1,대지,553,4,광주광역시 동구 계림동 553-4,2.91E+11,광주광역시 동구 중앙로,349,3,2.91E+24,,광주광역시 동구 중앙로 349-3,501080,61401,,,2,126.9197357,35.16289144
11909178,구암의료재단가나요양병원,,S,의료,S01,병원,S01B17,노인/치매병원,Q86102,일반 병원,29,광주광역시,29110,동구,2911056000,계림1동,2911010900,계림동,2.91E+18,1,대지,558,3,광주광역시 동구 계림동 558-3,2.91E+11,광주광역시 동구 중앙로,339,,2.91E+24,,광주광역시 동구 중앙로 339,501080,61401,,1,,126.9199787,35.16194715
12442553,구암의료재단가나한방병원,,S,의료,S01,병원,S01B05,한방병원,Q86104,한방 병원,29,광주광역시,29110,동구,2911056000,계림1동,2911010900,계림동,2.91E+18,1,대지,558,3,광주광역시 동구 계림동 558-3,2.91E+11,광주광역시 동구 중앙로,339,,2.91E+24,,광주광역시 동구 중앙로 339,501806,61401,,1,,126.9199787,35.16194715
12589390,가나한방병원,,S,의료,S01,병원,S01B05,한방병원,Q86104,한방 병원,29,광주광역시,29110,동구,2911056000,계림1동,2911010900,계림동,2.91E+18,1,대지,558,3,광주광역시 동구 계림동 558-3,2.91E+11,광주광역시 동구 중앙로,339,,2.91E+24,,광주광역시 동구 중앙로 339,501806,61401,,1,,126.9199787,35.16194715
15758437,양치과,,S,의료,S01,병원,S01B04,치과의원,Q86202,치과 의원,29,광주광역시,29110,동구,2911056000,계림1동,2911010900,계림동,2.91E+18,1,대지,558,6,광주광역시 동구 계림동 558-6,2.91E+11,광주광역시 동구 중앙로,337,,2.91E+24,,광주광역시 동구 중앙로 337,501806,61401,,,,126.9200903,35.16180392
12567562,덕원한방병원,,S,의료,S01,병원,S01B05,한방병원,Q86104,한방 병원,29,광주광역시,29110,동구,2911056000,계림1동,2911010900,계림동,2.91E+18,1,대지,564,6,광주광역시 동구 계림동 564-6,2.91E+11,광주광역시 동구 중앙로,327,,2.91E+24,사과나무한방병원,광주광역시 동구 중앙로 327,501803,61420,,6,,126.9201678,35.16092125
21292156,고운세상피부과,,S,의료,S01,병원,S01B16,피부과,Q86201,일반 의원,29,광주광역시,29110,동구,2911065500,서남동,2911011300,광산동,2.91E+18,1,대지,78,1,광주광역시 동구 광산동 78-1,2.91E+11,광주광역시 동구 서석로,42,,2.91E+24,,광주광역시 동구 서석로 42,501180,61487,,5,,126.9182426,35.14632859
23349008,이행복한치과,,S,의료,S01,병원,S01B03,치과병원,Q86103,치과 병원,29,광주광역시,29110,동구,2911065500,서남동,2911011300,광산동,2.91E+18,1,대지,79,6,광주광역시 동구 광산동 79-6,2.91E+11,광주광역시 동구 서석로,38,1,2.91E+24,,광주광역시 동구 서석로 38-1,501180,61487,,3,,126.9178814,35.14625325
11945730,임수령치과,,S,의료,S01,병원,S01B04,치과의원,Q86202,치과 의원,29,광주광역시,29110,동구,2911065500,서남동,2911011300,광산동,2.91E+18,1,대지,79,6,광주광역시 동구 광산동 79-6,2.91E+11,광주광역시 동구 서석로,38,1,2.91E+24,,광주광역시 동구 서석로 38-1,501180,61487,,1,,126.9178814,35.14625325
23924507,대한치과,,S,의료,S01,병원,S01B04,치과의원,Q86202,치과 의원,29,광주광역시,29110,동구,2911052500,충장동,2911010600,궁동,2.91E+18,1,대지,1,3,광주광역시 동구 궁동 1-3,2.91E+11,광주광역시 동구 중앙로,218,,2.91E+24,,광주광역시 동구 중앙로 218,501040,61474,,,,126.9178291,35.15186845
24365452,현대한의원,,S,의료,S01,병원,S01B06,한의원,Q86203,한의원,29,광주광역시,29110,동구,2911052500,충장동,2911010600,궁동,2.91E+18,1,대지,7,10,광주광역시 동구 궁동 7-10,2.91E+11,광주광역시 동구 중앙로,212,,2.91E+24,,광주광역시 동구 중앙로 212,501040,61474,,,,126.9173624,35.15146767
25278196,박치과,,S,의료,S01,병원,S01B03,치과병원,Q86103,치과 병원,29,광주광역시,29110,동구,2911052500,충장동,2911013100,금남로1가,2.91E+18,1,대지,15,11,광주광역시 동구 금남로1가 15-11,2.91E+11,광주광역시 동구 서석로,51,,2.91E+24,,광주광역시 동구 서석로 51,501021,61482,,1,,126.9187245,35.14723428
12262519,박치과,,S,의료,S01,병원,S01B04,치과의원,Q86202,치과 의원,29,광주광역시,29110,동구,2911052500,충장동,2911013100,금남로1가,2.91E+18,1,대지,15,4,광주광역시 동구 금남로1가 15-4,2.91E+11,광주광역시 동구 서석로,49,,2.91E+24,,광주광역시 동구 서석로 49,501021,61482,,2,,126.9186825,35.14708968
9046825,행복한약국,,S,의료,S02,약국/한약방,S02A02,한약방,G47811,의약품 및 의료용품 소매업,29,광주광역시,29110,동구,2911052500,충장동,2911013100,금남로1가,2.91E+18,1,대지,19,1,광주광역시 동구 금남로1가 19-1,2.91E+11,광주광역시 동구 금남로,242,5,2.91E+24,,광주광역시 동구 금남로 242-5,501021,61482,,1,,126.9179565,35.14804769
21350941,행복한약국,,S,의료,S02,약국/한약방,S02A01,약국,G47811,의약품 및 의료용품 소매업,29,광주광역시,29110,동구,2911052500,충장동,2911013100,금남로1가,2.91E+18,1,대지,19,4,광주광역시 동구 금남로1가 19-4,2.91E+11,광주광역시 동구 금남로,246,,2.91E+24,,광주광역시 동구 금남로 246,501021,61482,,1,,126.9184303,35.14789868
21727399,문치과의원,,S,의료,S01,병원,S01B04,치과의원,Q86202,치과 의원,29,광주광역시,29110,동구,2911052500,충장동,2911013200,금남로2가,2.91E+18,1,대지,11,,광주광역시 동구 금남로2가 11,2.91E+11,광주광역시 동구 금남로,233,10,2.91E+24,,광주광역시 동구 금남로 233-10,501022,61475,,2,,126.9180528,35.14905811
21205636,신성약국,,S,의료,S02,약국/한약방,S02A01,약국,G47811,의약품 및 의료용품 소매업,29,광주광역시,29110,동구,2911052500,충장동,2911013200,금남로2가,2.91E+18,1,대지,2,,광주광역시 동구 금남로2가 2,2.91E+11,광주광역시 동구 중앙로196번길,18,,2.91E+24,,광주광역시 동구 중앙로196번길 18,501022,61475,,1,,126.9174091,35.14960221
21268695,대한치과,,S,의료,S01,병원,S01B04,치과의원,Q86202,치과 의원,29,광주광역시,29110,동구,2911052500,충장동,2911013200,금남로2가,2.91E+18,1,대지,6,1,광주광역시 동구 금남로2가 6-1,2.91E+11,광주광역시 동구 금남로,227,,2.91E+24,,광주광역시 동구 금남로 227,501022,61475,,3,,126.9172171,35.14918585
21238491,고려수지침,,S,의료,S03,유사의료업,S03B03,침구원,Q86902,유사 의료업,29,광주광역시,29110,동구,2911052500,충장동,2911013300,금남로3가,2.91E+18,1,대지,1,1,광주광역시 동구 금남로3가 1-1,2.91E+11,광주광역시 동구 중앙로,196,,2.91E+24,,광주광역시 동구 중앙로 196,501023,61475,,5,,126.9161901,35.1504927
21261993,익수당한약방,,S,의료,S02,약국/한약방,S02A02,한약방,G47811,의약품 및 의료용품 소매업,29,광주광역시,29110,동구,2911052500,충장동,2911013400,금남로4가,2.91E+18,1,대지,9,,광주광역시 동구 금남로4가 9,2.91E+11,광주광역시 동구 금남로,193,8,2.91E+24,,광주광역시 동구 금남로 193-8,501850,61472,,1,,126.9146432,35.15127208
23601382,미르애견,,S,의료,S04,수의업,S04A01,수의업-종합,M73100,수의업,29,광주광역시,29110,동구,2911052500,충장동,2911010200,금남로5가,2.91E+18,1,대지,1,21,광주광역시 동구 금남로5가 1-21,2.91E+11,광주광역시 동구 독립로,262,,2.91E+24,,광주광역시 동구 독립로 262,501852,61471,,,,126.9112097,35.15445022
21199717,김신경외과의원,,S,의료,S01,병원,S01B15,신경외과,Q86201,일반 의원,29,광주광역시,29110,동구,2911052500,충장동,2911010200,금남로5가,2.91E+18,1,대지,101,,광주광역시 동구 금남로5가 101,2.91E+11,광주광역시 동구 구성로,183,4,2.91E+24,,광주광역시 동구 구성로 183-4,501852,61471,,1,,126.9129247,35.15258171
8897237,정미숙의원,,S,의료,S01,병원,S01B07,내과/외과,Q86201,일반 의원,29,광주광역시,29110,동구,2911052500,충장동,2911010200,금남로5가,2.91E+18,1,대지,114,3,광주광역시 동구 금남로5가 114-3,2.91E+11,광주광역시 동구 금남로,172,1,2.91E+24,,광주광역시 동구 금남로 172-1,501853,61476,,1,,126.9121634,35.15206109
12268590,정미숙성형외과,,S,의료,S01,병원,S01B08,정형/성형외과,Q86201,일반 의원,29,광주광역시,29110,동구,2911052500,충장동,2911010200,금남로5가,2.91E+18,1,대지,114,3,광주광역시 동구 금남로5가 114-3,2.91E+11,광주광역시 동구 금남로,172,1,2.91E+24,,광주광역시 동구 금남로 172-1,501853,61476,,2,,126.9121634,35.15206109
25233823,오갑렬비뇨기과의원,,S,의료,S01,병원,S01B12,비뇨기과,Q86201,일반 의원,29,광주광역시,29110,동구,2911052500,충장동,2911010200,금남로5가,2.91E+18,1,대지,114,5,광주광역시 동구 금남로5가 114-5,2.91E+11,광주광역시 동구 금남로,174,,2.91E+24,,광주광역시 동구 금남로 174,501853,61476,,2,,126.9122518,35.15201681
23380229,모정통증의학과의원,,S,의료,S01,병원,S01B02,일반병원,Q86102,일반 병원,29,광주광역시,29110,동구,2911052500,충장동,2911010200,금남로5가,2.91E+18,1,대지,123,2,광주광역시 동구 금남로5가 123-2,2.91E+11,광주광역시 동구 구성로,176,,2.91E+24,,광주광역시 동구 구성로 176,501853,61481,,1,,126.9126733,35.15167807
23502893,오갑렬피부.비뇨기과,,S,의료,S01,병원,S01B16,피부과,Q86201,일반 의원,29,광주광역시,29110,동구,2911052500,충장동,2911010200,금남로5가,2.91E+18,1,대지,123,2,광주광역시 동구 금남로5가 123-2,2.91E+11,광주광역시 동구 구성로,176,,2.91E+24,,광주광역시 동구 구성로 176,501853,61481,,2,,126.9126733,35.15167807
23359687,광주중앙피부과,,S,의료,S01,병원,S01B16,피부과,Q86201,일반 의원,29,광주광역시,29110,동구,2911052500,충장동,2911010200,금남로5가,2.91E+18,1,대지,128,,광주광역시 동구 금남로5가 128,2.91E+11,광주광역시 동구 금남로,184,,2.91E+24,,광주광역시 동구 금남로 184,501853,61481,,1,,126.9130733,35.15131209
12263655,중앙방사선과피부과,,S,의료,S01,병원,S01B16,피부과,Q86201,일반 의원,29,광주광역시,29110,동구,2911052500,충장동,2911010200,금남로5가,2.91E+18,1,대지,128,,광주광역시 동구 금남로5가 128,2.91E+11,광주광역시 동구 금남로,184,,2.91E+24,,광주광역시 동구 금남로 184,501853,61481,,2,,126.9130733,35.15131209
8878115,모정마취통증의학과의,,S,의료,S01,병원,S01B07,내과/외과,Q86201,일반 의원,29,광주광역시,29110,동구,2911052500,충장동,2911010200,금남로5가,2.91E+18,1,대지,147,4,광주광역시 동구 금남로5가 147-4,2.91E+11,광주광역시 동구 금남로,180,,2.91E+24,,광주광역시 동구 금남로 180,501025,61481,,,,126.9127403,35.15159754
27682924,모정마취통증의학과의원,,S,의료,S01,병원,S01B99,기타병원,,,29,광주광역시,29110,동구,2911052500,충장동,2911010200,금남로5가,2.91E+18,1,대지,147,4,광주광역시 동구 금남로5가 147-4,2.91E+11,광주광역시 동구 금남로,180,,2.91E+24,,광주광역시 동구 금남로 180,501025,61481,,,,126.9127403,35.15159754
27721533,아카데미치과기공소,,S,의료,S03,유사의료업,S03B06,치과기공소,C27192,정형외과용 및 신체보정용 기기 제조업,29,광주광역시,29110,동구,2911052500,충장동,2911010200,금남로5가,2.91E+18,1,대지,152,,광주광역시 동구 금남로5가 152,2.91E+11,광주광역시 동구 금남로,181,,2.91E+24,,광주광역시 동구 금남로 181,501713,61472,,,305,126.9132294,35.15195347
21335322,보광당한약방,,S,의료,S02,약국/한약방,S02A02,한약방,G47811,의약품 및 의료용품 소매업,29,광주광역시,29110,동구,2911052500,충장동,2911010200,금남로5가,2.91E+18,1,대지,185,,광주광역시 동구 금남로5가 185,2.91E+11,광주광역시 동구 구성로,192,1,2.91E+24,,광주광역시 동구 구성로 192-1,501025,61472,,1,,126.9139752,35.15281648
21638971,허영철치과,,S,의료,S01,병원,S01B04,치과의원,Q86202,치과 의원,29,광주광역시,29110,동구,2911052500,충장동,2911010200,금남로5가,2.91E+18,1,대지,4,,광주광역시 동구 금남로5가 4,2.91E+11,광주광역시 동구 독립로,258,,2.91E+24,,광주광역시 동구 독립로 258,501852,61471,,2,,126.9109388,35.15418638
26953516,조진우치과의원,,S,의료,S01,병원,S01B04,치과의원,Q86202,치과 의원,29,광주광역시,29110,동구,2911052500,충장동,2911010200,금남로5가,2.91E+18,1,대지,61,5,광주광역시 동구 금남로5가 61-5,2.91E+11,광주광역시 동구 금남로,162,1,2.91E+24,,광주광역시 동구 금남로 162-1,501853,61476,,2,,126.9112334,35.15266568
25426147,예스연합의원,,S,의료,S01,병원,S01B02,일반병원,Q86102,일반 병원,29,광주광역시,29110,동구,2911052500,충장동,2911010200,금남로5가,2.91E+18,1,대지,69,1,광주광역시 동구 금남로5가 69-1,2.91E+11,광주광역시 동구 금남로,167,,2.91E+24,,광주광역시 동구 금남로 167,501852,61471,,1,,126.9121124,35.15259245
12261906,대성약국,,S,의료,S02,약국/한약방,S02A01,약국,G47811,의약품 및 의료용품 소매업,29,광주광역시,29110,동구,2911052500,충장동,2911010200,금남로5가,2.91E+18,1,대지,76,2,광주광역시 동구 금남로5가 76-2,2.91E+11,광주광역시 동구 독립로264번길,20,,2.91E+24,,광주광역시 동구 독립로264번길 20,501852,61471,,1,,126.9128905,35.15350083
15653966,빛고을약국,,S,의료,S02,약국/한약방,S02A01,약국,G47811,의약품 및 의료용품 소매업,29,광주광역시,29110,동구,2911052500,충장동,2911010200,금남로5가,2.91E+18,1,대지,99,7,광주광역시 동구 금남로5가 99-7,2.91E+11,광주광역시 동구 금남로,169,,2.91E+24,,광주광역시 동구 금남로 169,501852,61471,,1,,126.9122894,35.15248587
26088277,대동약국,,S,의료,S02,약국/한약방,S02A01,약국,G47811,의약품 및 의료용품 소매업,29,광주광역시,29110,동구,2911065500,서남동,2911011400,금동,2.91E+18,1,대지,102,6,광주광역시 동구 금동 102-6,2.91E+11,광주광역시 동구 백서로125번길,26,,2.91E+24,,광주광역시 동구 백서로125번길 26,501808,61487,,1,,126.9181307,35.144002
24629157,아이사랑신경정신과,,S,의료,S01,병원,S01B07,내과/외과,Q86201,일반 의원,29,광주광역시,29110,동구,2911065500,서남동,2911011400,금동,2.91E+18,1,대지,177,,광주광역시 동구 금동 177,2.91E+11,광주광역시 동구 백서로137번길,1,,2.91E+24,,광주광역시 동구 백서로137번길 1,501808,61487,,,,126.9198398,35.14255699
21325182,김동호치과의원,,S,의료,S01,병원,S01B04,치과의원,Q86202,치과 의원,29,광주광역시,29110,동구,2911065500,서남동,2911011400,금동,2.91E+18,1,대지,177,,광주광역시 동구 금동 177,2.91E+11,광주광역시 동구 백서로137번길,1,,2.91E+24,,광주광역시 동구 백서로137번길 1,501808,61487,,3,,126.9198398,35.14255699
23501490,김용주내과,,S,의료,S01,병원,S01B07,내과/외과,Q86201,일반 의원,29,광주광역시,29110,동구,2911065500,서남동,2911011400,금동,2.91E+18,1,대지,177,,광주광역시 동구 금동 177,2.91E+11,광주광역시 동구 백서로137번길,1,,2.91E+24,,광주광역시 동구 백서로137번길 1,501808,61487,,2,,126.9198398,35.14255699
25075698,세종의료재단,,S,의료,S01,병원,S01B02,일반병원,Q86102,일반 병원,29,광주광역시,29110,동구,2911065500,서남동,2911011400,금동,2.91E+18,1,대지,211,10,광주광역시 동구 금동 211-10,2.91E+11,광주광역시 동구 천변우로,453,,2.91E+24,코밀빌딩,광주광역시 동구 천변우로 453,501808,61488,,2,201,126.9174627,35.14223832
25200232,고양이샵,,S,의료,S04,수의업,S04A02,동물병원,M73100,수의업,29,광주광역시,29110,동구,2911065500,서남동,2911011400,금동,2.91E+18,1,대지,211,7,광주광역시 동구 금동 211-7,2.91E+11,광주광역시 동구 천변우로,461,,2.91E+24,,광주광역시 동구 천변우로 461,501808,61488,,,,126.9178339,35.14155657
28112346,희망나눔치과공동체,,S,의료,S01,병원,S01B04,치과의원,Q86202,치과 의원,29,광주광역시,29110,동구,2911065500,서남동,2911011400,금동,2.91E+18,1,대지,54,21,광주광역시 동구 금동 54-21,2.91E+11,광주광역시 동구 천변우로,447,,2.91E+24,,광주광역시 동구 천변우로 447,501808,61488,,2,,126.9170299,35.14260402
26400999,중앙약국,,S,의료,S02,약국/한약방,S02A01,약국,G47811,의약품 및 의료용품 소매업,29,광주광역시,29110,동구,2911065500,서남동,2911011400,금동,2.91E+18,1,대지,60,,광주광역시 동구 금동 60,2.91E+11,광주광역시 동구 백서로119번길,24,1,2.91E+24,,광주광역시 동구 백서로119번길 24-1,501808,61488,,1,,126.9171753,35.14322728
26352544,웰리스,,S,의료,S01,병원,S01B07,내과/외과,Q86201,일반 의원,29,광주광역시,29110,동구,2911065500,서남동,2911011200,남동,2.91E+18,1,대지,112,1,광주광역시 동구 남동 112-1,2.91E+11,광주광역시 동구 제봉로,57,,2.91E+24,,광주광역시 동구 제봉로 57,501809,61486,,3,,126.9207254,35.14363754
21269076,우리이비인후과,,S,의료,S01,병원,S01B07,내과/외과,Q86201,일반 의원,29,광주광역시,29110,동구,2911065500,서남동,2911011200,남동,2.91E+18,1,대지,112,1,광주광역시 동구 남동 112-1,2.91E+11,광주광역시 동구 제봉로,57,,2.91E+24,,광주광역시 동구 제봉로 57,501809,61486,,,,126.9207254,35.14363754
27741939,탑마취통증의학과의원,,S,의료,S01,병원,S01B99,기타병원,,,29,광주광역시,29110,동구,2911065500,서남동,2911011200,남동,2.91E+18,1,대지,112,1,광주광역시 동구 남동 112-1,2.91E+11,광주광역시 동구 제봉로,57,,2.91E+24,,광주광역시 동구 제봉로 57,501809,61486,,,,126.9207254,35.14363754
15884128,탑통증의학과의원,,S,의료,S01,병원,S01B99,기타병원,,,29,광주광역시,29110,동구,2911065500,서남동,2911011200,남동,2.91E+18,1,대지,112,1,광주광역시 동구 남동 112-1,2.91E+11,광주광역시 동구 제봉로,57,,2.91E+24,,광주광역시 동구 제봉로 57,501809,61486,,,,126.9207254,35.14363754
21414744,친절한약국,,S,의료,S02,약국/한약방,S02A01,약국,G47811,의약품 및 의료용품 소매업,29,광주광역시,29110,동구,2911065500,서남동,2911011200,남동,2.91E+18,1,대지,112,5,광주광역시 동구 남동 112-5,2.91E+11,광주광역시 동구 제봉로,55,,2.91E+24,,광주광역시 동구 제봉로 55,501809,61486,,,,126.9207275,35.14347531
21352690,열린약국,,S,의료,S02,약국/한약방,S02A01,약국,G47811,의약품 및 의료용품 소매업,29,광주광역시,29110,동구,2911065500,서남동,2911011200,남동,2.91E+18,1,대지,114,,광주광역시 동구 남동 114,2.91E+11,광주광역시 동구 제봉로,52,1,2.91E+24,,광주광역시 동구 제봉로 52-1,501809,61468,,,,126.9210704,35.14327104
23070027,광주재활의학과,,S,의료,S01,병원,S01B99,기타병원,,,29,광주광역시,29110,동구,2911065500,서남동,2911011200,남동,2.91E+18,1,대지,114,,광주광역시 동구 남동 114,2.91E+11,광주광역시 동구 제봉로,52,1,2.91E+24,,광주광역시 동구 제봉로 52-1,501809,61468,,,,126.9210704,35.14327104
21243440,고려한의원,,S,의료,S01,병원,S01B06,한의원,Q86203,한의원,29,광주광역시,29110,동구,2911065500,서남동,2911011200,남동,2.91E+18,1,대지,120,,광주광역시 동구 남동 120,2.91E+11,광주광역시 동구 문화전당로,3,,2.91E+24,베스트신경과,광주광역시 동구 문화전당로 3,501810,61487,,1,,126.9201648,35.14287537
24295649,류종현신경과,,S,의료,S01,병원,S01B07,내과/외과,Q86201,일반 의원,29,광주광역시,29110,동구,2911065500,서남동,2911011200,남동,2.91E+18,1,대지,120,,광주광역시 동구 남동 120,2.91E+11,광주광역시 동구 문화전당로,3,,2.91E+24,베스트신경과,광주광역시 동구 문화전당로 3,501810,61487,,,,126.9201648,35.14287537
24811386,푸른안경,,S,의료,S01,병원,S01B07,내과/외과,Q86201,일반 의원,29,광주광역시,29110,동구,2911065500,서남동,2911011200,남동,2.91E+18,1,대지,62,,광주광역시 동구 남동 62,2.91E+11,광주광역시 동구 제봉로,64,,2.91E+24,,광주광역시 동구 제봉로 64,501809,61468,,2,,126.9214768,35.1440769
12587398,미소약국,,S,의료,S02,약국/한약방,S02A01,약국,G47811,의약품 및 의료용품 소매업,29,광주광역시,29110,동구,2911065500,서남동,2911011200,남동,2.91E+18,1,대지,66,,광주광역시 동구 남동 66,2.91E+11,광주광역시 동구 백서로153번길,7,,2.91E+24,,광주광역시 동구 백서로153번길 7,501809,61468,,1,,126.9217562,35.14369178
12586444,로뎀약국,,S,의료,S02,약국/한약방,S02A01,약국,G47811,의약품 및 의료용품 소매업,29,광주광역시,29110,동구,2911065500,서남동,2911011200,남동,2.91E+18,1,대지,70,6,광주광역시 동구 남동 70-6,2.91E+11,광주광역시 동구 백서로,145,1,2.91E+24,,광주광역시 동구 백서로 145-1,501809,61468,,1,,126.921142,35.14283901
21156373,뉴욕약국,,S,의료,S02,약국/한약방,S02A01,약국,G47811,의약품 및 의료용품 소매업,29,광주광역시,29110,동구,2911065500,서남동,2911011200,남동,2.91E+18,1,대지,71,3,광주광역시 동구 남동 71-3,2.91E+11,광주광역시 동구 백서로,143,,2.91E+24,,광주광역시 동구 백서로 143,501809,61468,,,,126.9209131,35.14271979
21256163,탑통증의학과의원,,S,의료,S01,병원,S01B02,일반병원,Q86102,일반 병원,29,광주광역시,29110,동구,2911065500,서남동,2911011200,남동,2.91E+18,1,대지,74,5,광주광역시 동구 남동 74-5,2.91E+11,광주광역시 동구 제봉로,50,,2.91E+24,,광주광역시 동구 제봉로 50,501809,61468,,,,126.9208885,35.14291788
24223787,임승찬내과의원,,S,의료,S01,병원,S01B07,내과/외과,Q86201,일반 의원,29,광주광역시,29110,동구,2911065500,서남동,2911011200,남동,2.91E+18,1,대지,76,1,광주광역시 동구 남동 76-1,2.91E+11,광주광역시 동구 제봉로,52,,2.91E+24,,광주광역시 동구 제봉로 52,501809,61468,,,,126.9210618,35.14309068
26035016,광주S.K의원,,S,의료,S01,병원,S01B02,일반병원,Q86102,일반 병원,29,광주광역시,29110,동구,2911065500,서남동,2911011200,남동,2.91E+18,1,대지,76,1,광주광역시 동구 남동 76-1,2.91E+11,광주광역시 동구 제봉로,52,,2.91E+24,,광주광역시 동구 제봉로 52,501809,61468,,1,,126.9210618,35.14309068
21371073,복음내과의원,,S,의료,S01,병원,S01B07,내과/외과,Q86201,일반 의원,29,광주광역시,29110,동구,2911065500,서남동,2911011200,남동,2.91E+18,1,대지,76,1,광주광역시 동구 남동 76-1,2.91E+11,광주광역시 동구 제봉로,52,,2.91E+24,,광주광역시 동구 제봉로 52,501809,61468,,,,126.9210618,35.14309068
27869148,아이사랑정신건강의학과의원,,S,의료,S01,병원,S01B99,기타병원,,,29,광주광역시,29110,동구,2911065500,서남동,2911011200,남동,2.91E+18,1,대지,76,1,광주광역시 동구 남동 76-1,2.91E+11,광주광역시 동구 제봉로,52,,2.91E+24,,광주광역시 동구 제봉로 52,501809,61468,,,,126.9210618,35.14309068
15754951,오아시스요양병원,,S,의료,S01,병원,S01B17,노인/치매병원,Q86102,일반 병원,29,광주광역시,29110,동구,2911074000,지원2동,2911012500,내남동,2.91E+18,1,대지,307,,광주광역시 동구 내남동 307,2.91E+11,광주광역시 동구 남계길,17,,2.91E+24,,광주광역시 동구 남계길 17,501260,61513,,,,126.9392105,35.09585543
21244532,대학당한의원,,S,의료,S01,병원,S01B06,한의원,Q86203,한의원,29,광주광역시,29110,동구,2911052500,충장동,2911010500,대의동,2.91E+18,1,대지,79,3,광주광역시 동구 대의동 79-3,2.91E+11,광주광역시 동구 중앙로196번길,31,19,2.91E+24,,광주광역시 동구 중앙로196번길 31-19,501050,61475,,1,,126.9191594,35.14920319
21363725,대인제통의원,,S,의료,S01,병원,S01B99,기타병원,,,29,광주광역시,29110,동구,2911052500,충장동,2911010100,대인동,2.91E+18,1,대지,162,,광주광역시 동구 대인동 162,2.91E+11,광주광역시 동구 구성로204번길,25,,2.91E+24,,광주광역시 동구 구성로204번길 25,501811,61473,,1,,126.9166749,35.15200236
24053045,대인제통마취통증의학과의원,,S,의료,S01,병원,S01B99,기타병원,,,29,광주광역시,29110,동구,2911052500,충장동,2911010100,대인동,2.91E+18,1,대지,162,,광주광역시 동구 대인동 162,2.91E+11,광주광역시 동구 구성로204번길,25,,2.91E+24,,광주광역시 동구 구성로204번길 25,501811,61473,,,,126.9166749,35.15200236
16373516,대중병원,,S,의료,S01,병원,S01B07,내과/외과,Q86201,일반 의원,29,광주광역시,29110,동구,2911052500,충장동,2911010100,대인동,2.91E+18,1,대지,180,,광주광역시 동구 대인동 180,2.91E+11,광주광역시 동구 제봉로,187,,2.91E+24,,광주광역시 동구 제봉로 187,501811,61473,,,,126.9165343,35.15267714
21266829,김승완외과,,S,의료,S01,병원,S01B07,내과/외과,Q86201,일반 의원,29,광주광역시,29110,동구,2911052500,충장동,2911010100,대인동,2.91E+18,1,대지,180,5,광주광역시 동구 대인동 180-5,2.91E+11,광주광역시 동구 제봉로,185,,2.91E+24,,광주광역시 동구 제봉로 185,501811,61473,,1,,126.9167752,35.15271535
23409492,북경당한의원,,S,의료,S01,병원,S01B06,한의원,Q86203,한의원,29,광주광역시,29110,동구,2911052500,충장동,2911010100,대인동,2.91E+18,1,대지,182,2,광주광역시 동구 대인동 182-2,2.91E+11,광주광역시 동구 제봉로,177,1,2.91E+24,북경당한의원,광주광역시 동구 제봉로 177-1,501811,61473,,1,,126.9174054,35.15236944
24582730,광주나눔의료소비자생활협동조합,,S,의료,S01,병원,S01B07,내과/외과,Q86201,일반 의원,29,광주광역시,29110,동구,2911052500,충장동,2911010100,대인동,2.91E+18,1,대지,190,4,광주광역시 동구 대인동 190-4,2.91E+11,광주광역시 동구 제봉로,182,,2.91E+24,,광주광역시 동구 제봉로 182,501812,61427,,5,,126.9173327,35.15288259
12263363,행복연합의원3-4층,,S,의료,S01,병원,S01B02,일반병원,Q86102,일반 병원,29,광주광역시,29110,동구,2911052500,충장동,2911010100,대인동,2.91E+18,1,대지,190,4,광주광역시 동구 대인동 190-4,2.91E+11,광주광역시 동구 제봉로,182,,2.91E+24,,광주광역시 동구 제봉로 182,501812,61427,,3,,126.9173327,35.15288259
21320563,허웅이비인후과의원,,S,의료,S01,병원,S01B14,이비인후과의원,Q86201,일반 의원,29,광주광역시,29110,동구,2911052500,충장동,2911010100,대인동,2.91E+18,1,대지,198,2,광주광역시 동구 대인동 198-2,2.91E+11,광주광역시 동구 중앙로,233,,2.91E+24,,광주광역시 동구 중앙로 233,501812,61427,,2,,126.9188649,35.15321176
21173654,허경내과의원,,S,의료,S01,병원,S01B07,내과/외과,Q86201,일반 의원,29,광주광역시,29110,동구,2911052500,충장동,2911010100,대인동,2.91E+18,1,대지,198,2,광주광역시 동구 대인동 198-2,2.91E+11,광주광역시 동구 중앙로,233,,2.91E+24,,광주광역시 동구 중앙로 233,501812,61427,,2,,126.9188649,35.15321176
27698864,허웅이빈후과,,S,의료,S01,병원,S01B14,이비인후과의원,Q86201,일반 의원,29,광주광역시,29110,동구,2911052500,충장동,2911010100,대인동,2.91E+18,1,대지,198,2,광주광역시 동구 대인동 198-2,2.91E+11,광주광역시 동구 중앙로,233,,2.91E+24,,광주광역시 동구 중앙로 233,501812,61427,,2,,126.9188649,35.15321176
27688779,이성재치과의원,,S,의료,S01,병원,S01B04,치과의원,Q86202,치과 의원,29,광주광역시,29110,동구,2911052500,충장동,2911010100,대인동,2.91E+18,1,대지,198,3,광주광역시 동구 대인동 198-3,2.91E+11,광주광역시 동구 중앙로,229,,2.91E+24,,광주광역시 동구 중앙로 229,501812,61427,,4,,126.9185174,35.15292922
25569636,고인문한의원,,S,의료,S01,병원,S01B06,한의원,Q86203,한의원,29,광주광역시,29110,동구,2911052500,충장동,2911010100,대인동,2.91E+18,1,대지,21,5,광주광역시 동구 대인동 21-5,2.91E+11,광주광역시 동구 제봉로,221,11,2.91E+24,,광주광역시 동구 제봉로 221-11,501811,61470,,2,,126.9136352,35.15445396
15617462,박애치과의원,,S,의료,S01,병원,S01B04,치과의원,Q86202,치과 의원,29,광주광역시,29110,동구,2911052500,충장동,2911010100,대인동,2.91E+18,1,대지,25,10,광주광역시 동구 대인동 25-10,2.91E+11,광주광역시 동구 구성로,195,,2.91E+24,,광주광역시 동구 구성로 195,501811,61470,,,,126.9140031,35.15319532
21675049,박애치과의원,,S,의료,S01,병원,S01B04,치과의원,Q86202,치과 의원,29,광주광역시,29110,동구,2911052500,충장동,2911010100,대인동,2.91E+18,1,대지,30,2,광주광역시 동구 대인동 30-2,2.91E+11,광주광역시 동구 제봉로,207,,2.91E+24,,광주광역시 동구 제봉로 207,501811,61470,,4,,126.9148388,35.15390589
21217800,강남피부비뇨기과,,S,의료,S01,병원,S01B12,비뇨기과,Q86201,일반 의원,29,광주광역시,29110,동구,2911052500,충장동,2911010100,대인동,2.91E+18,1,대지,30,2,광주광역시 동구 대인동 30-2,2.91E+11,광주광역시 동구 제봉로,207,,2.91E+24,,광주광역시 동구 제봉로 207,501811,61470,,2,,126.9148388,35.15390589
21219721,대화당한약방,,S,의료,S02,약국/한약방,S02A02,한약방,G47811,의약품 및 의료용품 소매업,29,광주광역시,29110,동구,2911052500,충장동,2911010100,대인동,2.91E+18,1,대지,31,6,광주광역시 동구 대인동 31-6,2.91E+11,광주광역시 동구 구성로,205,,2.91E+24,,광주광역시 동구 구성로 205,501811,61470,,1,,126.9147301,35.15382379
21340223,동의당한약방,,S,의료,S02,약국/한약방,S02A02,한약방,G47811,의약품 및 의료용품 소매업,29,광주광역시,29110,동구,2911052500,충장동,2911010100,대인동,2.91E+18,1,대지,311,1,광주광역시 동구 대인동 311-1,2.91E+11,광주광역시 동구 구성로,224,,2.91E+24,,광주광역시 동구 구성로 224,501812,61427,,,,126.9163741,35.15482102
12274535,동의당한약,,S,의료,S02,약국/한약방,S02A02,한약방,G47811,의약품 및 의료용품 소매업,29,광주광역시,29110,동구,2911052500,충장동,2911010100,대인동,2.91E+18,1,대지,311,1,광주광역시 동구 대인동 311-1,2.91E+11,광주광역시 동구 구성로,224,,2.91E+24,,광주광역시 동구 구성로 224,501812,61427,,1,,126.9163741,35.15482102
21598937,제창당한약방,,S,의료,S02,약국/한약방,S02A02,한약방,G47811,의약품 및 의료용품 소매업,29,광주광역시,29110,동구,2911052500,충장동,2911010100,대인동,2.91E+18,1,대지,311,16,광주광역시 동구 대인동 311-16,2.91E+11,광주광역시 동구 제봉로200번길,1,8,2.91E+24,,광주광역시 동구 제봉로200번길 1-8,501812,61427,,,,126.9157882,35.154311
12263418,광주생약한방사무실3층,,S,의료,S02,약국/한약방,S02A02,한약방,G47811,의약품 및 의료용품 소매업,29,광주광역시,29110,동구,2911052500,충장동,2911010100,대인동,2.91E+18,1,대지,312,1,광주광역시 동구 대인동 312-1,2.91E+11,광주광역시 동구 제봉로200번길,1,7,2.91E+24,,광주광역시 동구 제봉로200번길 1-7,501812,61427,,3,,126.9156248,35.1542194
12267819,백안과의원2층,,S,의료,S01,병원,S01B13,안과의원,Q86201,일반 의원,29,광주광역시,29110,동구,2911052500,충장동,2911010100,대인동,2.91E+18,1,대지,312,11,광주광역시 동구 대인동 312-11,2.91E+11,광주광역시 동구 제봉로,196,1,2.91E+24,,광주광역시 동구 제봉로 196-1,501812,61427,,1,,126.9162469,35.15365709
21178072,대인치과의원,,S,의료,S01,병원,S01B04,치과의원,Q86202,치과 의원,29,광주광역시,29110,동구,2911052500,충장동,2911010100,대인동,2.91E+18,1,대지,312,12,광주광역시 동구 대인동 312-12,2.91E+11,광주광역시 동구 제봉로,196,,2.91E+24,,광주광역시 동구 제봉로 196,501812,61427,,2,,126.9161826,35.15353933
21610825,광주백제약국,,S,의료,S02,약국/한약방,S02A01,약국,G47811,의약품 및 의료용품 소매업,29,광주광역시,29110,동구,2911052500,충장동,2911010100,대인동,2.91E+18,1,대지,312,16,광주광역시 동구 대인동 312-16,2.91E+11,광주광역시 동구 제봉로,200,,2.91E+24,,광주광역시 동구 제봉로 200,501812,61427,,1,,126.9157714,35.15392325
21211589,삼화한약제분소,,S,의료,S02,약국/한약방,S02A02,한약방,G47811,의약품 및 의료용품 소매업,29,광주광역시,29110,동구,2911052500,충장동,2911010100,대인동,2.91E+18,1,대지,315,2,광주광역시 동구 대인동 315-2,2.91E+11,광주광역시 동구 동계천로,24,,2.91E+24,,광주광역시 동구 동계천로 24,501812,61426,,1,,126.9150252,35.15556612
28309047,노벨내과의원,,S,의료,S01,병원,S01B07,내과/외과,Q86201,일반 의원,29,광주광역시,29110,동구,2911052500,충장동,2911010100,대인동,2.91E+18,1,대지,315,25,광주광역시 동구 대인동 315-25,2.91E+11,광주광역시 동구 동계천로,22,,2.91E+24,노벨병원,광주광역시 동구 동계천로 22,501812,61426,,,,126.9148151,35.15569043
21159148,고인문한의원,,S,의료,S01,병원,S01B06,한의원,Q86203,한의원,29,광주광역시,29110,동구,2911052500,충장동,2911010100,대인동,2.91E+18,1,대지,321,11,광주광역시 동구 대인동 321-11,2.91E+11,광주광역시 동구 독립로,282,2,2.91E+24,,광주광역시 동구 독립로 282-2,501812,61426,,1,,126.9130919,35.15569301
19906104,이진희산부인과,,S,의료,S01,병원,S01B10,산부인과,Q86201,일반 의원,29,광주광역시,29110,동구,2911052500,충장동,2911010100,대인동,2.91E+18,1,대지,38,,광주광역시 동구 대인동 38,2.91E+11,광주광역시 동구 구성로204번길,5,,2.91E+24,,광주광역시 동구 구성로204번길 5,501811,61473,,1,,126.9152299,35.15337757
21214798,동화당한약방,,S,의료,S02,약국/한약방,S02A02,한약방,G47811,의약품 및 의료용품 소매업,29,광주광역시,29110,동구,2911052500,충장동,2911010100,대인동,2.91E+18,1,대지,41,1,광주광역시 동구 대인동 41-1,2.91E+11,광주광역시 동구 제봉로,199,,2.91E+24,,광주광역시 동구 제봉로 199,501811,61473,,1,,126.9155359,35.15347946
21224441,현대의원,,S,의료,S01,병원,S01B07,내과/외과,Q86201,일반 의원,29,광주광역시,29110,동구,2911052500,충장동,2911010100,대인동,2.91E+18,1,대지,55,,광주광역시 동구 대인동 55,2.91E+11,광주광역시 동구 구성로194번길,15,21,2.91E+24,,광주광역시 동구 구성로194번길 15-21,501811,61473,,1,,126.9157241,35.15252567
24069490,조공철치과,,S,의료,S01,병원,S01B04,치과의원,Q86202,치과 의원,29,광주광역시,29110,동구,2911052500,충장동,2911010100,대인동,2.91E+18,1,대지,7,1,광주광역시 동구 대인동 7-1,2.91E+11,광주광역시 동구 독립로,268,,2.91E+24,롯데백화점,광주광역시 동구 독립로 268,501811,61470,,8,,126.9122071,35.15454932
23356078,샘물한의원,,S,의료,S01,병원,S01B06,한의원,Q86203,한의원,29,광주광역시,29110,동구,2911052500,충장동,2911010100,대인동,2.91E+18,1,대지,81,,광주광역시 동구 대인동 81,2.91E+11,광주광역시 동구 구성로,198,1,2.91E+24,,광주광역시 동구 구성로 198-1,501811,61473,,1,,126.9144645,35.1531634
24325905,경희한의원,,S,의료,S01,병원,S01B06,한의원,Q86203,한의원,29,광주광역시,29110,동구,2911054500,동명동,2911010800,동명동,2.91E+18,1,대지,11,16,광주광역시 동구 동명동 11-16,2.91E+11,광주광역시 동구 동계천로,181,,2.91E+24,,광주광역시 동구 동계천로 181,501813,61435,,,,126.9289127,35.14944304
21292718,아가페의원,,S,의료,S01,병원,S01B02,일반병원,Q86102,일반 병원,29,광주광역시,29110,동구,2911054500,동명동,2911010800,동명동,2.91E+18,1,대지,154,44,광주광역시 동구 동명동 154-44,2.91E+11,광주광역시 동구 동명로20번길,10,,2.91E+24,동구노인복지회관,광주광역시 동구 동명로20번길 10,501813,61434,,1,,126.9243995,35.15047572
12637923,동명한방병원,,S,의료,S01,병원,S01B05,한방병원,Q86104,한방 병원,29,광주광역시,29110,동구,2911054500,동명동,2911010800,동명동,2.91E+18,1,대지,168,18,광주광역시 동구 동명동 168-18,2.91E+11,광주광역시 동구 동명로,55,,2.91E+24,,광주광역시 동구 동명로 55,501814,61432,,1,,126.9266905,35.15151461
16112694,더조은한방병원,,S,의료,S01,병원,S01B05,한방병원,Q86104,한방 병원,29,광주광역시,29110,동구,2911054500,동명동,2911010800,동명동,2.91E+18,1,대지,168,18,광주광역시 동구 동명동 168-18,2.91E+11,광주광역시 동구 동명로,55,,2.91E+24,,광주광역시 동구 동명로 55,501814,61432,,1,,126.9266905,35.15151461
24342204,두리치과의원,,S,의료,S01,병원,S01B04,치과의원,Q86202,치과 의원,29,광주광역시,29110,동구,2911054500,동명동,2911010800,동명동,2.91E+18,1,대지,174,2,광주광역시 동구 동명동 174-2,2.91E+11,광주광역시 동구 동명로,47,10,2.91E+24,,광주광역시 동구 동명로 47-10,501814,61432,,,,126.9260799,35.15205003
21282259,동문약국,,S,의료,S02,약국/한약방,S02A01,약국,G47811,의약품 및 의료용품 소매업,29,광주광역시,29110,동구,2911054500,동명동,2911010800,동명동,2.91E+18,1,대지,240,3,광주광역시 동구 동명동 240-3,2.91E+11,광주광역시 동구 동계천로,73,,2.91E+24,,광주광역시 동구 동계천로 73,501815,61429,,,,126.9194809,35.15310908
21366093,감초한의원,,S,의료,S01,병원,S01B06,한의원,Q86203,한의원,29,광주광역시,29110,동구,2911054500,동명동,2911010800,동명동,2.91E+18,1,대지,242,1,광주광역시 동구 동명동 242-1,2.91E+11,광주광역시 동구 중앙로,242,,2.91E+24,,광주광역시 동구 중앙로 242,501815,61429,,1,,126.9196963,35.15341748
21206361,신통한의원,,S,의료,S01,병원,S01B06,한의원,Q86203,한의원,29,광주광역시,29110,동구,2911054500,동명동,2911010800,동명동,2.91E+18,1,대지,246,18,광주광역시 동구 동명동 246-18,2.91E+11,광주광역시 동구 중앙로,248,2,2.91E+24,,광주광역시 동구 중앙로 248-2,501815,61429,,,,126.9202822,35.15392748
25174048,강남전자담배,,S,의료,S02,약국/한약방,S02A01,약국,G47811,의약품 및 의료용품 소매업,29,광주광역시,29110,동구,2911054500,동명동,2911010800,동명동,2.91E+18,1,대지,92,7,광주광역시 동구 동명동 92-7,2.91E+11,광주광역시 동구 필문대로,252,,2.91E+24,,광주광역시 동구 필문대로 252,501813,61435,,,,126.9286675,35.14889102
24460489,샘물한의원,,S,의료,S01,병원,S01B06,한의원,Q86203,한의원,29,광주광역시,29110,동구,2911052500,충장동,2911011600,불로동,2.91E+18,1,대지,120,1,광주광역시 동구 불로동 120-1,2.91E+11,광주광역시 동구 서석로,23,,2.91E+24,,광주광역시 동구 서석로 23,501130,61484,,,,126.9162291,35.14589595
21366020,애견가족,,S,의료,S04,수의업,S04A01,수의업-종합,M73100,수의업,29,광주광역시,29110,동구,2911065500,서남동,2911011600,불로동,2.91E+18,1,대지,187,6,광주광역시 동구 불로동 187-6,2.91E+11,광주광역시 동구 문화전당로35번길,40,1,2.91E+24,,광주광역시 동구 문화전당로35번길 40-1,501130,61488,,1,,126.9151996,35.14408396
24084396,애견가족,,S,의료,S04,수의업,S04A01,수의업-종합,M73100,수의업,29,광주광역시,29110,동구,2911052500,충장동,2911011600,불로동,2.91E+18,1,대지,43,17,광주광역시 동구 불로동 43-17,2.91E+11,광주광역시 동구 천변우로,395,,2.91E+24,,광주광역시 동구 천변우로 395,501130,61484,,,,126.9131439,35.14600353
24119643,DR.남동물병원,,S,의료,S04,수의업,S04A01,수의업-종합,M73100,수의업,29,광주광역시,29110,동구,2911052500,충장동,2911011600,불로동,2.91E+18,1,대지,82,,광주광역시 동구 불로동 82,2.91E+11,광주광역시 동구 서석로,1,1,2.91E+24,,광주광역시 동구 서석로 1-1,501130,61484,,,,126.9142434,35.14502186
16025374,M플러스한방병원,,S,의료,S01,병원,S01B05,한방병원,Q86104,한방 병원,29,광주광역시,29110,동구,2911060000,산수2동,2911011000,산수동,2.91E+18,1,대지,112,,광주광역시 동구 산수동 112,2.91E+11,광주광역시 동구 밤실로,127,,2.91E+24,,광주광역시 동구 밤실로 127,501816,61408,,5,,126.9351886,35.15882777
21573364,정약국,,S,의료,S02,약국/한약방,S02A01,약국,G47811,의약품 및 의료용품 소매업,29,광주광역시,29110,동구,2911060000,산수2동,2911011000,산수동,2.91E+18,1,대지,510,26,광주광역시 동구 산수동 510-26,2.91E+11,광주광역시 동구 밤실로,91,,2.91E+24,,광주광역시 동구 밤실로 91,501090,61437,,,,126.9361644,35.15553724
21250062,희망의료재단동방의원,,S,의료,S01,병원,S01B99,기타병원,,,29,광주광역시,29110,동구,2911060000,산수2동,2911011000,산수동,2.91E+18,1,대지,511,1,광주광역시 동구 산수동 511-1,2.91E+11,광주광역시 동구 밤실로,85,,2.91E+24,,광주광역시 동구 밤실로 85,501090,61437,,,,126.9362576,35.15512342
21155632,민가축병원,,S,의료,S04,수의업,S04A02,동물병원,M73100,수의업,29,광주광역시,29110,동구,2911059000,산수1동,2911011000,산수동,2.91E+18,1,대지,521,28,광주광역시 동구 산수동 521-28,2.91E+11,광주광역시 동구 필문대로,197,1,2.91E+24,,광주광역시 동구 필문대로 197-1,501090,61439,,1,,126.9315543,35.1530539
12588482,New건강의원,,S,의료,S01,병원,S01B99,기타병원,,,29,광주광역시,29110,동구,2911059000,산수1동,2911011000,산수동,2.91E+18,1,대지,521,45,광주광역시 동구 산수동 521-45,2.91E+11,광주광역시 동구 필문대로,203,,2.91E+24,,광주광역시 동구 필문대로 203,501091,61439,,1,,126.9313096,35.15245683
26195321,본정형외과의원,,S,의료,S01,병원,S01B08,정형/성형외과,Q86201,일반 의원,29,광주광역시,29110,동구,2911059000,산수1동,2911011000,산수동,2.91E+18,1,대지,522,24,광주광역시 동구 산수동 522-24,2.91E+11,광주광역시 동구 필문대로,187,,2.91E+24,,광주광역시 동구 필문대로 187,501090,61437,,2,,126.9319932,35.15389607
21208760,밝은미소의원,,S,의료,S01,병원,S01B07,내과/외과,Q86201,일반 의원,29,광주광역시,29110,동구,2911059000,산수1동,2911011000,산수동,2.91E+18,1,대지,522,24,광주광역시 동구 산수동 522-24,2.91E+11,광주광역시 동구 필문대로,187,,2.91E+24,,광주광역시 동구 필문대로 187,501090,61437,,,,126.9319932,35.15389607
24416455,하나치과의원,,S,의료,S01,병원,S01B04,치과의원,Q86202,치과 의원,29,광주광역시,29110,동구,2911059000,산수1동,2911011000,산수동,2.91E+18,1,대지,536,19,광주광역시 동구 산수동 536-19,2.91E+11,광주광역시 동구 갈마로,6,,2.91E+24,,광주광역시 동구 갈마로 6,501090,61407,1,,,126.9314278,35.16020984
21246747,심이비인후과의원,,S,의료,S01,병원,S01B14,이비인후과의원,Q86201,일반 의원,29,광주광역시,29110,동구,2911059000,산수1동,2911011000,산수동,2.91E+18,1,대지,536,20,광주광역시 동구 산수동 536-20,2.91E+11,광주광역시 동구 갈마로,2,,2.91E+24,심이비인후과빌딩,광주광역시 동구 갈마로 2,501090,61407,,2,,126.9311876,35.16010857
21326076,코스모스치과의원,,S,의료,S01,병원,S01B04,치과의원,Q86202,치과 의원,29,광주광역시,29110,동구,2911059000,산수1동,2911011000,산수동,2.91E+18,1,대지,536,20,광주광역시 동구 산수동 536-20,2.91E+11,광주광역시 동구 갈마로,2,,2.91E+24,심이비인후과빌딩,광주광역시 동구 갈마로 2,501090,61407,,,,126.9311876,35.16010857
24463942,심홍섭이비인후과의원,,S,의료,S01,병원,S01B07,내과/외과,Q86201,일반 의원,29,광주광역시,29110,동구,2911059000,산수1동,2911011000,산수동,2.91E+18,1,대지,536,20,광주광역시 동구 산수동 536-20,2.91E+11,광주광역시 동구 갈마로,2,,2.91E+24,심이비인후과빌딩,광주광역시 동구 갈마로 2,501090,61407,1,,,126.9311876,35.16010857
21252411,오성당한약방,,S,의료,S02,약국/한약방,S02A02,한약방,G47811,의약품 및 의료용품 소매업,29,광주광역시,29110,동구,2911059000,산수1동,2911011000,산수동,2.91E+18,1,대지,537,4,광주광역시 동구 산수동 537-4,2.91E+11,광주광역시 동구 필문대로,127,,2.91E+24,,광주광역시 동구 필문대로 127,501090,61407,,2,,126.9312852,35.15936127
25025903,온누리산수약국,,S,의료,S02,약국/한약방,S02A01,약국,G47811,의약품 및 의료용품 소매업,29,광주광역시,29110,동구,2911059000,산수1동,2911011000,산수동,2.91E+18,1,대지,539,70,광주광역시 동구 산수동 539-70,2.91E+11,광주광역시 동구 무등로,481,,2.91E+24,,광주광역시 동구 무등로 481,501090,61411,,,,126.9325707,35.15506395
21366529,조승렬내과의원,,S,의료,S01,병원,S01B07,내과/외과,Q86201,일반 의원,29,광주광역시,29110,동구,2911059000,산수1동,2911011000,산수동,2.91E+18,1,대지,540,17,광주광역시 동구 산수동 540-17,2.91E+11,광주광역시 동구 필문대로,174,,2.91E+24,,광주광역시 동구 필문대로 174,501090,61406,,,,126.9315367,35.15523512
21208762,부부치과,,S,의료,S01,병원,S01B04,치과의원,Q86202,치과 의원,29,광주광역시,29110,동구,2911059000,산수1동,2911011000,산수동,2.91E+18,1,대지,540,17,광주광역시 동구 산수동 540-17,2.91E+11,광주광역시 동구 필문대로,174,,2.91E+24,,광주광역시 동구 필문대로 174,501090,61406,,,,126.9315367,35.15523512
12588401,바른의원,,S,의료,S01,병원,S01B99,기타병원,,,29,광주광역시,29110,동구,2911059000,산수1동,2911011000,산수동,2.91E+18,1,대지,542,1,광주광역시 동구 산수동 542-1,2.91E+11,광주광역시 동구 필문대로,124,,2.91E+24,,광주광역시 동구 필문대로 124,501820,61406,,1,,126.930591,35.15957148
11819341,대원약국,,S,의료,S02,약국/한약방,S02A01,약국,G47811,의약품 및 의료용품 소매업,29,광주광역시,29110,동구,2911059000,산수1동,2911011000,산수동,2.91E+18,1,대지,542,61,광주광역시 동구 산수동 542-61,2.91E+11,광주광역시 동구 필문대로,128,,2.91E+24,,광주광역시 동구 필문대로 128,501090,61406,1,1,,126.9306933,35.15930197
24917479,복음약국,,S,의료,S02,약국/한약방,S02A01,약국,G47811,의약품 및 의료용품 소매업,29,광주광역시,29110,동구,2911059000,산수1동,2911011000,산수동,2.91E+18,1,대지,543,20,광주광역시 동구 산수동 543-20,2.91E+11,광주광역시 동구 필문대로,122,,2.91E+24,,광주광역시 동구 필문대로 122,501090,61405,,,,126.9306215,35.15975203
15719017,심홍섭이비인후과의원,,S,의료,S01,병원,S01B14,이비인후과의원,Q86201,일반 의원,29,광주광역시,29110,동구,2911059000,산수1동,2911011000,산수동,2.91E+18,1,대지,543,20,광주광역시 동구 산수동 543-20,2.91E+11,광주광역시 동구 필문대로,122,,2.91E+24,,광주광역시 동구 필문대로 122,501820,61405,,,,126.9306215,35.15975203
21285179,세원당한약방,,S,의료,S01,병원,S01B06,한의원,Q86203,한의원,29,광주광역시,29110,동구,2911059000,산수1동,2911011000,산수동,2.91E+18,1,대지,547,41,광주광역시 동구 산수동 547-41,2.91E+11,광주광역시 동구 무등로415번길,10,,2.91E+24,,광주광역시 동구 무등로415번길 10,501090,61406,,,,126.92862,35.15921154
24888746,산수한의원,,S,의료,S01,병원,S01B06,한의원,Q86203,한의원,29,광주광역시,29110,동구,2911059000,산수1동,2911011000,산수동,2.91E+18,1,대지,553,32,광주광역시 동구 산수동 553-32,2.91E+11,광주광역시 동구 무등로,472,1,2.91E+24,,광주광역시 동구 무등로 472-1,501090,61418,,,,126.9314426,35.15488274
21285933,김치과의원,,S,의료,S01,병원,S01B04,치과의원,Q86202,치과 의원,29,광주광역시,29110,동구,2911059000,산수1동,2911011000,산수동,2.91E+18,1,대지,555,1,광주광역시 동구 산수동 555-1,2.91E+11,광주광역시 동구 경양로,388,,2.91E+24,,광주광역시 동구 경양로 388,501819,61433,,1,,126.9314692,35.15452242
12263411,중산한의원,,S,의료,S01,병원,S01B06,한의원,Q86203,한의원,29,광주광역시,29110,동구,2911059000,산수1동,2911011000,산수동,2.91E+18,1,대지,556,1,광주광역시 동구 산수동 556-1,2.91E+11,광주광역시 동구 필문대로,192,,2.91E+24,,광주광역시 동구 필문대로 192,501819,61433,,1,6,126.9311626,35.15362734
15712101,아이피치과가공소,,S,의료,S01,병원,S01B04,치과의원,Q86202,치과 의원,29,광주광역시,29110,동구,2911059000,산수1동,2911011000,산수동,2.91E+18,1,대지,557,21,광주광역시 동구 산수동 557-21,2.91E+11,광주광역시 동구 필문대로192번길,6,1,2.91E+24,,광주광역시 동구 필문대로192번길 6-1,501820,61433,,2,,126.93061,35.15391992
21226314,광주아동발달심리지원센터,,S,의료,S03,유사의료업,S03B07,언어치료,Q86902,유사 의료업,29,광주광역시,29110,동구,2911059000,산수1동,2911011000,산수동,2.91E+18,1,대지,557,23,광주광역시 동구 산수동 557-23,2.91E+11,광주광역시 동구 경양로,370,2,2.91E+24,,광주광역시 동구 경양로 370-2,501090,61433,,,,126.9295993,35.15400114
24148511,신화약국,,S,의료,S02,약국/한약방,S02A01,약국,G47811,의약품 및 의료용품 소매업,29,광주광역시,29110,동구,2911060000,산수2동,2911011000,산수동,2.91E+18,1,대지,568,1,광주광역시 동구 산수동 568-1,2.91E+11,광주광역시 동구 밤실로,147,,2.91E+24,두암타운,광주광역시 동구 밤실로 147,501752,61408,107,,801,126.9349931,35.16119671
24043181,심홍섭이비인후과의원,,S,의료,S01,병원,S01B07,내과/외과,Q86201,일반 의원,29,광주광역시,29110,동구,2911060000,산수2동,2911011000,산수동,2.91E+18,1,대지,568,1,광주광역시 동구 산수동 568-1,2.91E+11,광주광역시 동구 밤실로,147,,2.91E+24,두암타운,광주광역시 동구 밤실로 147,501752,61408,115,,601,126.9349931,35.16119671
24136188,순천당한의원,,S,의료,S01,병원,S01B06,한의원,Q86203,한의원,29,광주광역시,29110,동구,2911060000,산수2동,2911011000,산수동,2.91E+18,1,대지,568,1,광주광역시 동구 산수동 568-1,2.91E+11,광주광역시 동구 밤실로,147,,2.91E+24,두암타운,광주광역시 동구 밤실로 147,501752,61408,108,,1404,126.9349931,35.16119671
26054990,김성훈한의원,,S,의료,S01,병원,S01B06,한의원,Q86203,한의원,29,광주광역시,29110,동구,2911060000,산수2동,2911011000,산수동,2.91E+18,1,대지,568,1,광주광역시 동구 산수동 568-1,2.91E+11,광주광역시 동구 밤실로,147,,2.91E+24,두암타운,광주광역시 동구 밤실로 147,501752,61408,,2,,126.9349931,35.16119671
28456640,동경U치과,,S,의료,S01,병원,S01B04,치과의원,Q86202,치과 의원,29,광주광역시,29110,동구,2911060000,산수2동,2911011000,산수동,2.91E+18,1,대지,678,,광주광역시 동구 산수동 678,2.91E+11,광주광역시 동구 갈마로,54,,2.92E+24,,광주광역시 동구 갈마로 54,501823,61409,,3,,126.9364042,35.16156966
27688936,오내과,,S,의료,S01,병원,S01B07,내과/외과,Q86201,일반 의원,29,광주광역시,29110,동구,2911060000,산수2동,2911011000,산수동,2.91E+18,1,대지,680,,광주광역시 동구 산수동 680,2.91E+11,광주광역시 동구 갈마로,50,,2.92E+24,,광주광역시 동구 갈마로 50,501090,61409,,2,,126.9359983,35.16155708
27695908,강한의원,,S,의료,S01,병원,S01B06,한의원,Q86203,한의원,29,광주광역시,29110,동구,2911060000,산수2동,2911011000,산수동,2.91E+18,1,대지,681,,광주광역시 동구 산수동 681,2.91E+11,광주광역시 동구 갈마로,48,,2.92E+24,,광주광역시 동구 갈마로 48,501090,61409,,,,126.9358118,35.16154643
26170993,박미순피부과의원,,S,의료,S01,병원,S01B07,내과/외과,Q86201,일반 의원,29,광주광역시,29110,동구,2911060000,산수2동,2911011000,산수동,2.91E+18,1,대지,682,,광주광역시 동구 산수동 682,2.91E+11,광주광역시 동구 갈마로,46,,2.92E+24,,광주광역시 동구 갈마로 46,501090,61409,2,2,,126.9355154,35.16155284
27703585,준이비인후과,,S,의료,S01,병원,S01B14,이비인후과의원,Q86201,일반 의원,29,광주광역시,29110,동구,2911060000,산수2동,2911011000,산수동,2.91E+18,1,대지,682,,광주광역시 동구 산수동 682,2.91E+11,광주광역시 동구 갈마로,46,,2.92E+24,,광주광역시 동구 갈마로 46,501090,61409,,2,,126.9355154,35.16155284
16250989,제인한의원,,S,의료,S01,병원,S01B06,한의원,Q86203,한의원,29,광주광역시,29110,동구,2911060000,산수2동,2911011000,산수동,2.91E+18,1,대지,682,,광주광역시 동구 산수동 682,2.91E+11,광주광역시 동구 갈마로,46,,2.92E+24,,광주광역시 동구 갈마로 46,501823,61409,,2,,126.9355154,35.16155284
16252175,두암한방병원,,S,의료,S01,병원,S01B05,한방병원,Q86104,한방 병원,29,광주광역시,29110,동구,2911060000,산수2동,2911011000,산수동,2.91E+18,1,대지,682,,광주광역시 동구 산수동 682,2.91E+11,광주광역시 동구 갈마로,46,,2.92E+24,,광주광역시 동구 갈마로 46,501823,61409,,5,,126.9355154,35.16155284
24071490,도원약국,,S,의료,S02,약국/한약방,S02A01,약국,G47811,의약품 및 의료용품 소매업,29,광주광역시,29110,동구,2911065500,서남동,2911011800,서석동,2.91E+18,1,대지,1,2,광주광역시 동구 서석동 1-2,2.91E+11,광주광역시 동구 필문대로,283,,2.91E+24,,광주광역시 동구 필문대로 283,501824,61449,,,,126.9273006,35.14600349
21259470,동강원한약방,,S,의료,S02,약국/한약방,S02A02,한약방,G47811,의약품 및 의료용품 소매업,29,광주광역시,29110,동구,2911065500,서남동,2911011800,서석동,2.91E+18,1,대지,30,3,광주광역시 동구 서석동 30-3,2.91E+11,광주광역시 동구 서남로,9,,2.91E+24,,광주광역시 동구 서남로 9,501824,61466,,1,,126.923238,35.14533648
24657129,오성치과의원,,S,의료,S01,병원,S01B04,치과의원,Q86202,치과 의원,29,광주광역시,29110,동구,2911065500,서남동,2911011800,서석동,2.91E+18,1,대지,31,9,광주광역시 동구 서석동 31-9,2.91E+11,광주광역시 동구 제봉로82번길,16,,2.91E+24,KT광주정보통신센터,광주광역시 동구 제봉로82번길 16,501720,61466,,3,,126.9236189,35.14641252
21176967,이정남신경과의원,,S,의료,S01,병원,S01B99,기타병원,,,29,광주광역시,29110,동구,2911065500,서남동,2911011800,서석동,2.91E+18,1,대지,33,3,광주광역시 동구 서석동 33-3,2.91E+11,광주광역시 동구 서남로,2,,2.91E+24,,광주광역시 동구 서남로 2,501824,61468,,1,,126.9221281,35.14545281
24269566,대한소아치과학회,,S,의료,S01,병원,S01B04,치과의원,Q86202,치과 의원,29,광주광역시,29110,동구,2911065500,서남동,2911011800,서석동,2.91E+18,1,대지,375,,광주광역시 동구 서석동 375,2.91E+11,광주광역시 동구 필문대로,309,,2.91E+24,조선대학교,광주광역시 동구 필문대로 309,501759,61452,,,,126.9343901,35.14599393
23963926,스마일치과,,S,의료,S01,병원,S01B04,치과의원,Q86202,치과 의원,29,광주광역시,29110,동구,2911065500,서남동,2911011800,서석동,2.91E+18,1,대지,421,,광주광역시 동구 서석동 421,2.91E+11,광주광역시 동구 필문대로,303,,2.91E+24,조선대학교부속치과병원,광주광역시 동구 필문대로 303,501825,61452,,,,126.9275617,35.14450949
21227008,조선대학치과병원,,S,의료,S01,병원,S01B03,치과병원,Q86103,치과 병원,29,광주광역시,29110,동구,2911065500,서남동,2911011800,서석동,2.91E+18,1,대지,421,,광주광역시 동구 서석동 421,2.91E+11,광주광역시 동구 필문대로,303,,2.91E+24,조선대학교부속치과병원,광주광역시 동구 필문대로 303,501825,61452,,,,126.9275617,35.14450949
21353698,고려수지침광주지사,광주지사,S,의료,S03,유사의료업,S03B03,침구원,Q86902,유사 의료업,29,광주광역시,29110,동구,2911065500,서남동,2911011800,서석동,2.91E+18,1,대지,91,13,광주광역시 동구 서석동 91-13,2.91E+11,광주광역시 동구 제봉로,75,,2.91E+24,,광주광역시 동구 제봉로 75,501824,61486,,2,,126.9215813,35.14530372
26045934,그린허브앤팜,,S,의료,S02,약국/한약방,S02A02,한약방,G47811,의약품 및 의료용품 소매업,29,광주광역시,29110,동구,2911073000,지원1동,2911011900,소태동,2.91E+18,1,대지,512,20,광주광역시 동구 소태동 512-20,2.91E+11,광주광역시 동구 학소로76번길,9,,2.91E+24,,광주광역시 동구 학소로76번길 9,501828,61496,,2,,126.9350771,35.1269535
23146222,광주제일약국,,S,의료,S02,약국/한약방,S02A01,약국,G47811,의약품 및 의료용품 소매업,29,광주광역시,29110,동구,2911073000,지원1동,2911011900,소태동,2.91E+18,1,대지,526,15,광주광역시 동구 소태동 526-15,2.91E+11,광주광역시 동구 남문로,642,,2.91E+24,,광주광역시 동구 남문로 642,501829,61498,,,1,126.9307931,35.12817774
15578649,동서한의원,,S,의료,S01,병원,S01B06,한의원,Q86203,한의원,29,광주광역시,29110,동구,2911073000,지원1동,2911011900,소태동,2.91E+18,1,대지,585,23,광주광역시 동구 소태동 585-23,2.91E+11,광주광역시 동구 남문로,637,,2.91E+24,,광주광역시 동구 남문로 637,501828,61499,,3,,126.930449,35.12764288
24230181,푸른치과,,S,의료,S01,병원,S01B04,치과의원,Q86202,치과 의원,29,광주광역시,29110,동구,2911073000,지원1동,2911011900,소태동,2.91E+18,1,대지,599,2,광주광역시 동구 소태동 599-2,2.91E+11,광주광역시 동구 남문로,618,,2.91E+24,,광주광역시 동구 남문로 618,501828,61500,,,,126.9316759,35.12611231
21686720,퍼스트의원,,S,의료,S01,병원,S01B07,내과/외과,Q86201,일반 의원,29,광주광역시,29110,동구,2911074000,지원2동,2911011900,소태동,2.91E+18,1,대지,651,3,광주광역시 동구 소태동 651-3,2.91E+11,광주광역시 동구 지원로,2,,2.91E+24,,광주광역시 동구 지원로 2,501827,61502,,,,126.9326751,35.12352509
26161583,무등산약국,,S,의료,S02,약국/한약방,S02A01,약국,G47811,의약품 및 의료용품 소매업,29,광주광역시,29110,동구,2911073000,지원1동,2911011900,소태동,2.91E+18,1,대지,652,12,광주광역시 동구 소태동 652-12,2.91E+11,광주광역시 동구 지원로,1,,2.91E+24,,광주광역시 동구 지원로 1,501827,61500,,,,126.932705,35.12375972
21201257,남흥당한약방,,S,의료,S02,약국/한약방,S02A02,한약방,G47811,의약품 및 의료용품 소매업,29,광주광역시,29110,동구,2911073000,지원1동,2911011900,소태동,2.91E+18,1,대지,653,4,광주광역시 동구 소태동 653-4,2.91E+11,광주광역시 동구 남문로,592,,2.91E+24,,광주광역시 동구 남문로 592,501827,61500,,,,126.9325053,35.12392923
12587597,모란한의원,,S,의료,S01,병원,S01B06,한의원,Q86203,한의원,29,광주광역시,29110,동구,2911073000,지원1동,2911011900,소태동,2.91E+18,1,대지,655,4,광주광역시 동구 소태동 655-4,2.91E+11,광주광역시 동구 남문로,596,1,2.91E+24,소태동우편취급소,광주광역시 동구 남문로 596-1,501827,61500,,2,,126.9323464,35.12433345
27710119,고려한의원,,S,의료,S01,병원,S01B06,한의원,Q86203,한의원,29,광주광역시,29110,동구,2911074000,지원2동,2911011900,소태동,2.91E+18,1,대지,675,1,광주광역시 동구 소태동 675-1,2.91E+11,광주광역시 동구 남문로,568,,2.91E+24,,광주광역시 동구 남문로 568,501827,61502,,,,126.9332446,35.12191661
12589189,엔젤치과의원,,S,의료,S01,병원,S01B04,치과의원,Q86202,치과 의원,29,광주광역시,29110,동구,2911074000,지원2동,2911011900,소태동,2.91E+18,1,대지,675,1,광주광역시 동구 소태동 675-1,2.91E+11,광주광역시 동구 남문로,568,,2.91E+24,,광주광역시 동구 남문로 568,501827,61502,,2,,126.9332446,35.12191661
24285020,고려한의원,,S,의료,S01,병원,S01B06,한의원,Q86203,한의원,29,광주광역시,29110,동구,2911074000,지원2동,2911011900,소태동,2.91E+18,1,대지,686,,광주광역시 동구 소태동 686,2.91E+11,광주광역시 동구 남문로,564,,2.91E+24,,광주광역시 동구 남문로 564,501829,61503,,,,126.9334588,35.12147681
13627303,대성온누리약국,,S,의료,S02,약국/한약방,S02A01,약국,G47811,의약품 및 의료용품 소매업,29,광주광역시,29110,동구,2911074000,지원2동,2911011900,소태동,2.91E+18,1,대지,687,5,광주광역시 동구 소태동 687-5,2.91E+11,광주광역시 동구 남문로,562,,2.91E+24,,광주광역시 동구 남문로 562,501829,61503,,,,126.9335166,35.12125197
24603691,경진약품,,S,의료,S02,약국/한약방,S02A01,약국,G47811,의약품 및 의료용품 소매업,29,광주광역시,29110,동구,2911073000,지원1동,2911011900,소태동,2.91E+18,1,대지,722,60,광주광역시 동구 소태동 722-60,2.91E+11,광주광역시 동구 의재로,88,,2.91E+24,,광주광역시 동구 의재로 88,501828,61496,,2,,126.9370541,35.13185642
24287987,태광약국,,S,의료,S02,약국/한약방,S02A01,약국,G47811,의약품 및 의료용품 소매업,29,광주광역시,29110,동구,2911073000,지원1동,2911011900,소태동,2.91E+18,1,대지,727,9,광주광역시 동구 소태동 727-9,2.91E+11,광주광역시 동구 의재로88번길,14,1,2.91E+24,,광주광역시 동구 의재로88번길 14-1,501828,61496,,,,126.9375905,35.13110395
25169405,동아치과의원,,S,의료,S01,병원,S01B04,치과의원,Q86202,치과 의원,29,광주광역시,29110,동구,2911074000,지원2동,2911011900,소태동,2.91E+18,1,대지,850,10,광주광역시 동구 소태동 850-10,2.91E+11,광주광역시 동구 남문로,558,,2.91E+24,,광주광역시 동구 남문로 558,501828,61503,,1,,126.9337499,35.12102867
21357140,광주응급환자이송단,,S,의료,S03,유사의료업,S03B01,응급구조대,Q86901,앰뷸런스 서비스업,29,광주광역시,29110,동구,2911073000,지원1동,2911011900,소태동,2.91E+18,1,대지,855,2,광주광역시 동구 소태동 855-2,2.91E+11,광주광역시 동구 남문로,643,,2.91E+24,,광주광역시 동구 남문로 643,501828,61499,,,,126.9302468,35.12800165
21279572,미화약국,,S,의료,S02,약국/한약방,S02A01,약국,G47811,의약품 및 의료용품 소매업,29,광주광역시,29110,동구,2911052500,충장동,2911010400,수기동,2.91E+18,1,대지,61,2,광주광역시 동구 수기동 61-2,2.91E+11,광주광역시 동구 구성로152번길,14,,2.91E+24,,광주광역시 동구 구성로152번길 14,501100,61479,,1,,126.9118055,35.14926357
26170464,미화약국,,S,의료,S02,약국/한약방,S02A01,약국,G47811,의약품 및 의료용품 소매업,29,광주광역시,29110,동구,2911052500,충장동,2911010400,수기동,2.91E+18,1,대지,68,1,광주광역시 동구 수기동 68-1,2.91E+11,광주광역시 동구 천변우로,361,21,2.91E+24,,광주광역시 동구 천변우로 361-21,501100,61479,,1,,126.9114754,35.14933271
24717520,우리약국,,S,의료,S02,약국/한약방,S02A01,약국,G47811,의약품 및 의료용품 소매업,29,광주광역시,29110,동구,2911074000,지원2동,2911012600,용산동,2.91E+18,1,대지,259,8,광주광역시 동구 용산동 259-8,2.91E+11,광주광역시 동구 화산로,347,,2.91E+24,,광주광역시 동구 화산로 347,501832,61507,,,,126.9315595,35.11990066
21170008,정신의료,,S,의료,S01,병원,S01B99,기타병원,,,29,광주광역시,29110,동구,2911074000,지원2동,2911012600,용산동,2.91E+18,1,대지,436,,광주광역시 동구 용산동 436,2.91E+11,광주광역시 동구 화산로,225,,2.91E+24,기독정신병원,광주광역시 동구 화산로 225,501831,61510,,1,,126.9203891,35.11673694
28512313,기독정신건강병원,,S,의료,S01,병원,S01B02,일반병원,Q86102,일반 병원,29,광주광역시,29110,동구,2911074000,지원2동,2911012600,용산동,2.91E+18,1,대지,436,,광주광역시 동구 용산동 436,2.91E+11,광주광역시 동구 화산로,225,,2.91E+24,기독정신병원,광주광역시 동구 화산로 225,501831,61510,,1,,126.9203891,35.11673694
21176612,서울연합의원,,S,의료,S01,병원,S01B99,기타병원,,,29,광주광역시,29110,동구,2911074000,지원2동,2911012600,용산동,2.91E+18,1,대지,636,20,광주광역시 동구 용산동 636-20,2.91E+11,광주광역시 동구 화산로,355,,2.91E+24,주영빌딩,광주광역시 동구 화산로 355,501831,61504,,,,126.9325429,35.12020679
21176611,메디칼이송단,,S,의료,S03,유사의료업,S03B01,응급구조대,Q86901,앰뷸런스 서비스업,29,광주광역시,29110,동구,2911074000,지원2동,2911012600,용산동,2.91E+18,1,대지,636,25,광주광역시 동구 용산동 636-25,2.91E+11,광주광역시 동구 화산로351번길,4,,2.91E+24,,광주광역시 동구 화산로351번길 4,501831,61504,,1,,126.9322783,35.12030361
21388570,청심알콜치매정신병원,,S,의료,S01,병원,S01B99,기타병원,,,29,광주광역시,29110,동구,2911071000,학운동,2911012100,운림동,2.91E+18,1,대지,700,,광주광역시 동구 운림동 700,2.91E+11,광주광역시 동구 동산길,14,2,2.91E+24,,광주광역시 동구 동산길 14-2,501834,61494,,1,,126.94634,35.13074767
23420874,화이트치과의원,,S,의료,S01,병원,S01B04,치과의원,Q86202,치과 의원,29,광주광역시,29110,동구,2911052500,충장동,2911010700,장동,2.91E+18,1,대지,1,8,광주광역시 동구 장동 1-8,2.91E+11,광주광역시 동구 동계천로,74,,2.91E+24,,광주광역시 동구 동계천로 74,501060,61431,,3,,126.9192326,35.15279138
24540773,동양약국,,S,의료,S02,약국/한약방,S02A01,약국,G47811,의약품 및 의료용품 소매업,29,광주광역시,29110,동구,2911052500,충장동,2911010700,장동,2.91E+18,1,대지,1,8,광주광역시 동구 장동 1-8,2.91E+11,광주광역시 동구 동계천로,74,,2.91E+24,,광주광역시 동구 동계천로 74,501060,61431,,,,126.9192326,35.15279138
21342801,한빛치과의원,,S,의료,S01,병원,S01B04,치과의원,Q86202,치과 의원,29,광주광역시,29110,동구,2911065500,서남동,2911010700,장동,2.91E+18,1,대지,102,4,광주광역시 동구 장동 102-4,2.91E+11,광주광역시 동구 제봉로,106,,2.91E+24,,광주광역시 동구 제봉로 106,501060,61465,,,,126.9221418,35.14774246
21204114,서석약국,,S,의료,S02,약국/한약방,S02A01,약국,G47811,의약품 및 의료용품 소매업,29,광주광역시,29110,동구,2911065500,서남동,2911010700,장동,2.91E+18,1,대지,103,1,광주광역시 동구 장동 103-1,2.91E+11,광주광역시 동구 제봉로,104,,2.91E+24,,광주광역시 동구 제봉로 104,501060,61465,,,,126.9221539,35.14765243
21249737,중화한의원,,S,의료,S01,병원,S01B06,한의원,Q86203,한의원,29,광주광역시,29110,동구,2911052500,충장동,2911010700,장동,2.91E+18,1,대지,17,4,광주광역시 동구 장동 17-4,2.91E+11,광주광역시 동구 동계천로,78,,2.91E+24,중화한의원,광주광역시 동구 동계천로 78,501060,61431,,1,,126.9196402,35.15267784
21598762,회생당한약방,,S,의료,S02,약국/한약방,S02A02,한약방,G47811,의약품 및 의료용품 소매업,29,광주광역시,29110,동구,2911052500,충장동,2911010700,장동,2.91E+18,1,대지,5,1,광주광역시 동구 장동 5-1,2.91E+11,광주광역시 동구 중앙로,228,1,2.91E+24,,광주광역시 동구 중앙로 228-1,501060,61431,,1,,126.9186318,35.1525787
28013813,기정치과기공소,,S,의료,S03,유사의료업,S03B06,치과기공소,C27192,정형외과용 및 신체보정용 기기 제조업,29,광주광역시,29110,동구,2911052500,충장동,2911010700,장동,2.91E+18,1,대지,58,67,광주광역시 동구 장동 58-67,2.91E+11,광주광역시 동구 동명로,8,,2.91E+24,,광주광역시 동구 동명로 8,501060,61436,,3,,126.9229359,35.14993991
28152419,광주치과기공소,,S,의료,S03,유사의료업,S03B06,치과기공소,C27192,정형외과용 및 신체보정용 기기 제조업,29,광주광역시,29110,동구,2911052500,충장동,2911010700,장동,2.91E+18,1,대지,58,85,광주광역시 동구 장동 58-85,2.91E+11,광주광역시 동구 동명로,12,,2.91E+24,,광주광역시 동구 동명로 12,501060,61436,,5,,126.9230881,35.15004943
21184587,민한의원,,S,의료,S01,병원,S01B06,한의원,Q86203,한의원,29,광주광역시,29110,동구,2911052500,충장동,2911010700,장동,2.91E+18,1,대지,91,4,광주광역시 동구 장동 91-4,2.91E+11,광주광역시 동구 장동로,2,1,2.91E+24,,광주광역시 동구 장동로 2-1,501060,61465,,,,126.9224738,35.14919666
21735719,미소필한의원,,S,의료,S01,병원,S01B06,한의원,Q86203,한의원,29,광주광역시,29110,동구,2911063000,지산2동,2911011100,지산동,2.91E+18,1,대지,249,4,광주광역시 동구 지산동 249-4,2.91E+11,광주광역시 동구 밤실로,26,1,2.91E+24,,광주광역시 동구 밤실로 26-1,501150,61443,,,,126.9371801,35.15002062
21182237,그린가정의학과의원,,S,의료,S01,병원,S01B07,내과/외과,Q86201,일반 의원,29,광주광역시,29110,동구,2911063000,지산2동,2911011100,지산동,2.91E+18,1,대지,249,4,광주광역시 동구 지산동 249-4,2.91E+11,광주광역시 동구 밤실로,26,1,2.91E+24,,광주광역시 동구 밤실로 26-1,501150,61443,,,,126.9371801,35.15002062
12587479,광주법원종합청사부속의원,,S,의료,S01,병원,S01B99,기타병원,,,29,광주광역시,29110,동구,2911063000,지산2동,2911011100,지산동,2.91E+18,1,대지,342,1,광주광역시 동구 지산동 342-1,2.91E+11,광주광역시 동구 준법로,7,12,2.91E+24,광주지방고등검찰청법원,광주광역시 동구 준법로 7-12,501707,61441,,2,,126.9347289,35.15115288
27585937,한우리치과의원,,S,의료,S01,병원,S01B04,치과의원,Q86202,치과 의원,29,광주광역시,29110,동구,2911062000,지산1동,2911011100,지산동,2.91E+18,1,대지,443,28,광주광역시 동구 지산동 443-28,2.91E+11,광주광역시 동구 지산로,49,,2.91E+24,,광주광역시 동구 지산로 49,501150,61445,,,,126.9324627,35.14820341
15925847,한독치과의원,,S,의료,S01,병원,S01B04,치과의원,Q86202,치과 의원,29,광주광역시,29110,동구,2911062000,지산1동,2911011100,지산동,2.91E+18,1,대지,443,28,광주광역시 동구 지산동 443-28,2.91E+11,광주광역시 동구 지산로,49,,2.91E+24,,광주광역시 동구 지산로 49,501838,61445,,,,126.9324627,35.14820341
15831030,지산치과,,S,의료,S01,병원,S01B04,치과의원,Q86202,치과 의원,29,광주광역시,29110,동구,2911062000,지산1동,2911011100,지산동,2.91E+18,1,대지,462,10,광주광역시 동구 지산동 462-10,2.91E+11,광주광역시 동구 지산로,41,3,2.91E+24,,광주광역시 동구 지산로 41-3,501151,61448,,,,126.931801,35.14761167
12589119,민솔내과의원,,S,의료,S01,병원,S01B07,내과/외과,Q86201,일반 의원,29,광주광역시,29110,동구,2911062000,지산1동,2911011100,지산동,2.91E+18,1,대지,715,27,광주광역시 동구 지산동 715-27,2.91E+11,광주광역시 동구 지산로,73,,2.91E+24,,광주광역시 동구 지산로 73,501838,61445,,1,,126.9328864,35.15021724
12589990,길약국,,S,의료,S02,약국/한약방,S02A01,약국,G47811,의약품 및 의료용품 소매업,29,광주광역시,29110,동구,2911062000,지산1동,2911011100,지산동,2.91E+18,1,대지,715,27,광주광역시 동구 지산동 715-27,2.91E+11,광주광역시 동구 지산로,73,,2.91E+24,,광주광역시 동구 지산로 73,501838,61445,,1,,126.9328864,35.15021724
21312945,지산한의원,,S,의료,S01,병원,S01B06,한의원,Q86203,한의원,29,광주광역시,29110,동구,2911062000,지산1동,2911011100,지산동,2.91E+18,1,대지,719,36,광주광역시 동구 지산동 719-36,2.91E+11,광주광역시 동구 필문대로,215,,2.91E+24,,광주광역시 동구 필문대로 215,501150,61440,,1,,126.9308948,35.15145262
21491710,팜약국,,S,의료,S02,약국/한약방,S02A01,약국,G47811,의약품 및 의료용품 소매업,29,광주광역시,29110,동구,2911052500,충장동,2911012700,충장로1가,2.91E+18,1,대지,19,,광주광역시 동구 충장로1가 19,2.91E+11,광주광역시 동구 서석로,41,1,2.91E+24,,광주광역시 동구 서석로 41-1,501011,61483,,1,,126.9179512,35.14678569
25534236,김기식치과,,S,의료,S01,병원,S01B03,치과병원,Q86103,치과 병원,29,광주광역시,29110,동구,2911052500,충장동,2911012700,충장로1가,2.91E+18,1,대지,19,,광주광역시 동구 충장로1가 19,2.91E+11,광주광역시 동구 서석로,41,1,2.91E+24,,광주광역시 동구 서석로 41-1,501011,61483,,4,,126.9179512,35.14678569
21229798,안세약국,,S,의료,S02,약국/한약방,S02A01,약국,G47811,의약품 및 의료용품 소매업,29,광주광역시,29110,동구,2911052500,충장동,2911012700,충장로1가,2.91E+18,1,대지,23,1,광주광역시 동구 충장로1가 23-1,2.91E+11,광주광역시 동구 충장로안길,43,1,2.91E+24,,광주광역시 동구 충장로안길 43-1,501011,61483,,1,,126.9176128,35.14664746
21207130,손치과의원,,S,의료,S01,병원,S01B04,치과의원,Q86202,치과 의원,29,광주광역시,29110,동구,2911052500,충장동,2911012800,충장로2가,2.91E+18,1,대지,21,,광주광역시 동구 충장로2가 21,2.91E+11,광주광역시 동구 충장로,84,1,2.91E+24,,광주광역시 동구 충장로 84-1,501012,61483,,3,,126.9163539,35.14806942
21253860,충장로헌혈의집,,S,의료,S03,유사의료업,S03B04,혈액원,Q86909,그외 기타 보건업,29,광주광역시,29110,동구,2911052500,충장동,2911012900,충장로3가,2.91E+18,1,대지,32,3,광주광역시 동구 충장로3가 32-3,2.91E+11,광주광역시 동구 중앙로,172,,2.91E+24,,광주광역시 동구 중앙로 172,501013,61483,,1,,126.9143003,35.1489975
27693946,조이비인후과의원,,S,의료,S01,병원,S01B14,이비인후과의원,Q86201,일반 의원,29,광주광역시,29110,동구,2911052500,충장동,2911013000,충장로4가,2.91E+18,1,대지,23,1,광주광역시 동구 충장로4가 23-1,2.91E+11,광주광역시 동구 충장로,60,,2.91E+24,,광주광역시 동구 충장로 60,501014,61480,,2,,126.9143379,35.14947557
25322620,조이빈후과의원,,S,의료,S01,병원,S01B14,이비인후과의원,Q86201,일반 의원,29,광주광역시,29110,동구,2911052500,충장동,2911013000,충장로4가,2.91E+18,1,대지,24,,광주광역시 동구 충장로4가 24,2.91E+11,광주광역시 동구 충장로58번길,1,,2.91E+24,,광주광역시 동구 충장로58번길 1,501014,61480,,2,,126.9142825,35.14951113
21175878,임금치과,,S,의료,S01,병원,S01B03,치과병원,Q86103,치과 병원,29,광주광역시,29110,동구,2911052500,충장동,2911013000,충장로4가,2.91E+18,1,대지,25,,광주광역시 동구 충장로4가 25,2.91E+11,광주광역시 동구 중앙로,173,,2.91E+24,,광주광역시 동구 중앙로 173,501014,61480,,2,,126.9141412,35.14941071
14241321,덴탈뱅크치과기공소,,S,의료,S03,유사의료업,S03B06,치과기공소,C27192,정형외과용 및 신체보정용 기기 제조업,29,광주광역시,29110,동구,2911052500,충장동,2911013000,충장로4가,2.91E+18,1,대지,25,2,광주광역시 동구 충장로4가 25-2,2.91E+11,광주광역시 동구 충장로58번길,5,,2.91E+24,,광주광역시 동구 충장로58번길 5,501014,61480,,3,,126.9139444,35.14935487
12262558,강내과,,S,의료,S01,병원,S01B07,내과/외과,Q86201,일반 의원,29,광주광역시,29110,동구,2911052500,충장동,2911013000,충장로4가,2.91E+18,1,대지,29,1,광주광역시 동구 충장로4가 29-1,2.91E+11,광주광역시 동구 중앙로,165,,2.91E+24,,광주광역시 동구 중앙로 165,501014,61480,,2,,126.9134648,35.14910719
12263134,보광약국,,S,의료,S02,약국/한약방,S02A01,약국,G47811,의약품 및 의료용품 소매업,29,광주광역시,29110,동구,2911052500,충장동,2911013000,충장로4가,2.91E+18,1,대지,30,3,광주광역시 동구 충장로4가 30-3,2.91E+11,광주광역시 동구 충장로58번길,20,,2.91E+24,,광주광역시 동구 충장로58번길 20,501014,61480,,1,,126.9125341,35.14894561
28027699,나우치과기공소,,S,의료,S03,유사의료업,S03B06,치과기공소,C27192,정형외과용 및 신체보정용 기기 제조업,29,광주광역시,29110,동구,2911052500,충장동,2911013000,충장로4가,2.91E+18,1,대지,34,8,광주광역시 동구 충장로4가 34-8,2.91E+11,광주광역시 동구 충장로58번길,8,9,2.91E+24,,광주광역시 동구 충장로58번길 8-9,501014,61480,,,,126.9131829,35.14967254
27859713,전남치과기공소,,S,의료,S03,유사의료업,S03B06,치과기공소,C27192,정형외과용 및 신체보정용 기기 제조업,29,광주광역시,29110,동구,2911052500,충장동,2911010300,충장로5가,2.91E+18,1,대지,80,2,광주광역시 동구 충장로5가 80-2,2.91E+11,광주광역시 동구 충장로22번길,3,,2.91E+24,,광주광역시 동구 충장로22번길 3,501015,61477,,,,126.9110414,35.15142905
23909706,유디치과의원,,S,의료,S01,병원,S01B04,치과의원,Q86202,치과 의원,29,광주광역시,29110,동구,2911071000,학운동,2911012200,학동,2.91E+18,1,대지,1004,1,광주광역시 동구 학동 1004-1,2.91E+11,광주광역시 동구 남문로,700,,2.91E+24,학동증심사역,광주광역시 동구 남문로 700,501841,61463,,,,126.9284861,35.13258321
11848455,성모산부인과,,S,의료,S01,병원,S01B10,산부인과,Q86201,일반 의원,29,광주광역시,29110,동구,2911071000,학운동,2911012200,학동,2.91E+18,1,대지,1004,1,광주광역시 동구 학동 1004-1,2.91E+11,광주광역시 동구 남문로,700,,2.91E+24,학동증심사역,광주광역시 동구 남문로 700,501841,61463,,2,,126.9284861,35.13258321
24982662,전자담배,광주총판,S,의료,S02,약국/한약방,S02A01,약국,G47811,의약품 및 의료용품 소매업,29,광주광역시,29110,동구,2911068500,학동,2911012200,학동,2.91E+18,1,대지,1004,3,광주광역시 동구 학동 1004-3,2.91E+11,광주광역시 동구 남문로,724,,2.91E+24,,광주광역시 동구 남문로 724,501841,61457,,,,126.927136,35.13513123
12589387,지안한방병원,,S,의료,S01,병원,S01B05,한방병원,Q86104,한방 병원,29,광주광역시,29110,동구,2911068500,학동,2911012200,학동,2.91E+18,1,대지,110,8,광주광역시 동구 학동 110-8,2.91E+11,광주광역시 동구 제봉로,29,,2.91E+24,,광주광역시 동구 제봉로 29,501841,61489,,1,,126.9210962,35.14131525
15678590,성모안과의원,,S,의료,S01,병원,S01B13,안과의원,Q86201,일반 의원,29,광주광역시,29110,동구,2911068500,학동,2911012200,학동,2.91E+18,1,대지,112,,광주광역시 동구 학동 112,2.91E+11,광주광역시 동구 제봉로,37,1,2.91E+24,,광주광역시 동구 제봉로 37-1,501841,61489,,,,126.9206708,35.14195145
21303275,우리약국,,S,의료,S02,약국/한약방,S02A01,약국,G47811,의약품 및 의료용품 소매업,29,광주광역시,29110,동구,2911068500,학동,2911012200,학동,2.91E+18,1,대지,112,2,광주광역시 동구 학동 112-2,2.91E+11,광주광역시 동구 제봉로,37,,2.91E+24,,광주광역시 동구 제봉로 37,501841,61489,,1,,126.9206181,35.14178873
24980308,초록나눔의료재단양명,,S,의료,S01,병원,S01B07,내과/외과,Q86201,일반 의원,29,광주광역시,29110,동구,2911068500,학동,2911012200,학동,2.91E+18,1,대지,112,3,광주광역시 동구 학동 112-3,2.91E+11,광주광역시 동구 제봉로,35,6,2.91E+24,,광주광역시 동구 제봉로 35-6,501841,61489,,,,126.9204767,35.14169733
21260621,학동연세치과,,S,의료,S01,병원,S01B04,치과의원,Q86202,치과 의원,29,광주광역시,29110,동구,2911068500,학동,2911012200,학동,2.91E+18,1,대지,114,5,광주광역시 동구 학동 114-5,2.91E+11,광주광역시 동구 제봉로,39,,2.91E+24,,광주광역시 동구 제봉로 39,501841,61489,,2,,126.920615,35.14202306
21182203,김평남내과,,S,의료,S01,병원,S01B07,내과/외과,Q86201,일반 의원,29,광주광역시,29110,동구,2911068500,학동,2911012200,학동,2.91E+18,1,대지,118,,광주광역시 동구 학동 118,2.91E+11,광주광역시 동구 백서로,134,1,2.91E+24,,광주광역시 동구 백서로 134-1,501841,61489,,1,,126.9202737,35.14211016
15620349,박제구치과,,S,의료,S01,병원,S01B04,치과의원,Q86202,치과 의원,29,광주광역시,29110,동구,2911068500,학동,2911012200,학동,2.91E+18,1,대지,12,7,광주광역시 동구 학동 12-7,2.91E+11,광주광역시 동구 백서로,160,,2.91E+24,전남대학교의과대학,광주광역시 동구 백서로 160,501840,61469,,2,,126.9232887,35.14315556
21166618,금산당한약방,,S,의료,S02,약국/한약방,S02A02,한약방,G47811,의약품 및 의료용품 소매업,29,광주광역시,29110,동구,2911068500,학동,2911012200,학동,2.91E+18,1,대지,140,2,광주광역시 동구 학동 140-2,2.91E+11,광주광역시 동구 백서로,124,1,2.91E+24,,광주광역시 동구 백서로 124-1,501841,61489,,1,,126.9191037,35.14179326
26236521,성제당약국,,S,의료,S02,약국/한약방,S02A01,약국,G47811,의약품 및 의료용품 소매업,29,광주광역시,29110,동구,2911068500,학동,2911012200,학동,2.91E+18,1,대지,140,2,광주광역시 동구 학동 140-2,2.91E+11,광주광역시 동구 백서로,124,1,2.91E+24,,광주광역시 동구 백서로 124-1,501841,61489,,1,,126.9191037,35.14179326
26235738,세대덕약국,,S,의료,S02,약국/한약방,S02A01,약국,G47811,의약품 및 의료용품 소매업,29,광주광역시,29110,동구,2911068500,학동,2911012200,학동,2.91E+18,1,대지,151,6,광주광역시 동구 학동 151-6,2.91E+11,광주광역시 동구 양림로119번길,21,,2.91E+24,,광주광역시 동구 양림로119번길 21,501841,61489,,1,,126.9195037,35.14141824
15505167,광주건강한약국,,S,의료,S02,약국/한약방,S02A02,한약방,G47811,의약품 및 의료용품 소매업,29,광주광역시,29110,동구,2911068500,학동,2911012200,학동,2.91E+18,1,대지,151,6,광주광역시 동구 학동 151-6,2.91E+11,광주광역시 동구 양림로119번길,21,,2.91E+24,,광주광역시 동구 양림로119번길 21,501841,61489,,,,126.9195037,35.14141824
21237747,광주의원,,S,의료,S01,병원,S01B07,내과/외과,Q86201,일반 의원,29,광주광역시,29110,동구,2911068500,학동,2911012200,학동,2.91E+18,1,대지,151,9,광주광역시 동구 학동 151-9,2.91E+11,광주광역시 동구 양림로119번길,20,,2.91E+24,,광주광역시 동구 양림로119번길 20,501841,61489,,1,,126.91984,35.14170968
12588173,광주의원,,S,의료,S01,병원,S01B99,기타병원,,,29,광주광역시,29110,동구,2911068500,학동,2911012200,학동,2.91E+18,1,대지,151,9,광주광역시 동구 학동 151-9,2.91E+11,광주광역시 동구 양림로119번길,20,,2.91E+24,,광주광역시 동구 양림로119번길 20,501841,61489,,1,,126.9196097,35.14169861
26495034,한방당약국,,S,의료,S02,약국/한약방,S02A01,약국,G47811,의약품 및 의료용품 소매업,29,광주광역시,29110,동구,2911068500,학동,2911012200,학동,2.91E+18,1,대지,26,12,광주광역시 동구 학동 26-12,2.91E+11,광주광역시 동구 남문로,780,,2.91E+24,,광주광역시 동구 남문로 780,501840,61454,,1,,126.9235515,35.13902952
26485378,학운외과,,S,의료,S01,병원,S01B07,내과/외과,Q86201,일반 의원,29,광주광역시,29110,동구,2911068500,학동,2911012200,학동,2.91E+18,1,대지,26,12,광주광역시 동구 학동 26-12,2.91E+11,광주광역시 동구 남문로,780,,2.91E+24,,광주광역시 동구 남문로 780,501840,61454,,1,,126.9235515,35.13902952
21342818,한방당약국,,S,의료,S02,약국/한약방,S02A01,약국,G47811,의약품 및 의료용품 소매업,29,광주광역시,29110,동구,2911068500,학동,2911012200,학동,2.91E+18,1,대지,26,7,광주광역시 동구 학동 26-7,2.91E+11,광주광역시 동구 남문로,780,1,2.91E+24,,광주광역시 동구 남문로 780-1,501840,61454,,1,,126.9234301,35.13908252
11013003,한방당약국,,S,의료,S02,약국/한약방,S02A01,약국,G47811,의약품 및 의료용품 소매업,29,광주광역시,29110,동구,2911068500,학동,2911012200,학동,2.91E+18,1,대지,26,7,광주광역시 동구 학동 26-7,2.91E+11,광주광역시 동구 남문로,782,,2.91E+24,,광주광역시 동구 남문로 782,501840,61454,,,,126.9234396,35.13919077
24413565,학동종로약국,,S,의료,S02,약국/한약방,S02A01,약국,G47811,의약품 및 의료용품 소매업,29,광주광역시,29110,동구,2911071000,학운동,2911012200,학동,2.91E+18,1,대지,273,1,광주광역시 동구 학동 273-1,2.91E+11,광주광역시 동구 의재로,77,,2.91E+24,,광주광역시 동구 의재로 77,501843,61460,,,,126.9361932,35.13224548
21166619,대림당한약방,,S,의료,S02,약국/한약방,S02A02,한약방,G47811,의약품 및 의료용품 소매업,29,광주광역시,29110,동구,2911068500,학동,2911012200,학동,2.91E+18,1,대지,29,4,광주광역시 동구 학동 29-4,2.91E+11,광주광역시 동구 남문로,766,1,2.91E+24,,광주광역시 동구 남문로 766-1,501840,61454,,1,,126.9243427,35.13810811
25238637,조선대직업환경의학,,S,의료,S03,유사의료업,S03B09,유사의료업기타,Q86902,유사 의료업,29,광주광역시,29110,동구,2911065500,서남동,2911012200,학동,2.91E+18,1,대지,30,1,광주광역시 동구 학동 30-1,2.91E+11,광주광역시 동구 필문대로,365,,2.91E+24,조선대학교병원,광주광역시 동구 필문대로 365,501840,61453,,1,4207,126.9282106,35.13853899
19947280,조선대학교병원,,S,의료,S01,병원,S01B01,종합병원,Q86101,종합 병원,29,광주광역시,29110,동구,2911065500,서남동,2911012200,학동,2.91E+18,1,대지,30,1,광주광역시 동구 학동 30-1,2.91E+11,광주광역시 동구 필문대로,365,,2.91E+24,조선대학교병원,광주광역시 동구 필문대로 365,501840,61453,,,,126.9282106,35.13853899
26055306,김예란치과의원,,S,의료,S01,병원,S01B04,치과의원,Q86202,치과 의원,29,광주광역시,29110,동구,2911068500,학동,2911012200,학동,2.91E+18,1,대지,38,3,광주광역시 동구 학동 38-3,2.91E+11,광주광역시 동구 남문로,758,,2.91E+24,,광주광역시 동구 남문로 758,501840,61454,,1,,126.9250423,35.13747433
24645700,송향산부인과,,S,의료,S01,병원,S01B07,내과/외과,Q86201,일반 의원,29,광주광역시,29110,동구,2911068500,학동,2911012200,학동,2.91E+18,1,대지,44,5,광주광역시 동구 학동 44-5,2.91E+11,광주광역시 동구 남문로,768,,2.91E+24,,광주광역시 동구 남문로 768,501840,61454,,,,126.9242298,35.13835048
12631034,광장약국,,S,의료,S02,약국/한약방,S02A01,약국,G47811,의약품 및 의료용품 소매업,29,광주광역시,29110,동구,2911068500,학동,2911012200,학동,2.91E+18,1,대지,539,7,광주광역시 동구 학동 539-7,2.91E+11,광주광역시 동구 남문로744번길,21,,2.91E+24,,광주광역시 동구 남문로744번길 21,501841,61454,,1,,126.9265948,35.13791174
15828436,정문약국,,S,의료,S02,약국/한약방,S02A01,약국,G47811,의약품 및 의료용품 소매업,29,광주광역시,29110,동구,2911068500,학동,2911012200,학동,2.91E+18,1,대지,592,10,광주광역시 동구 학동 592-10,2.91E+11,광주광역시 동구 남문로724번길,38,14,2.91E+24,,광주광역시 동구 남문로724번길 38-14,501841,61454,,,,126.926707,35.13772344
24981194,제일약국,,S,의료,S02,약국/한약방,S02A01,약국,G47811,의약품 및 의료용품 소매업,29,광주광역시,29110,동구,2911068500,학동,2911012200,학동,2.91E+18,1,대지,593,27,광주광역시 동구 학동 593-27,2.91E+11,광주광역시 동구 남문로744번길,25,,2.91E+24,,광주광역시 동구 남문로744번길 25,501841,61454,,,,126.9263412,35.13799963
25012992,고운의원,,S,의료,S01,병원,S01B02,일반병원,Q86102,일반 병원,29,광주광역시,29110,동구,2911068500,학동,2911012200,학동,2.91E+18,1,대지,618,6,광주광역시 동구 학동 618-6,2.91E+11,광주광역시 동구 남문로,746,1,2.91E+24,,광주광역시 동구 남문로 746-1,501840,61454,,,,126.925885,35.13681477
24963332,보림당약국,,S,의료,S02,약국/한약방,S02A01,약국,G47811,의약품 및 의료용품 소매업,29,광주광역시,29110,동구,2911068500,학동,2911012200,학동,2.91E+18,1,대지,626,11,광주광역시 동구 학동 626-11,2.91E+11,광주광역시 동구 남문로,744,1,2.91E+24,,광주광역시 동구 남문로 744-1,501840,61457,,1,,126.925988,35.13649118
21700316,이상온소아과의원,,S,의료,S01,병원,S01B11,소아과,Q86201,일반 의원,29,광주광역시,29110,동구,2911068500,학동,2911012200,학동,2.91E+18,1,대지,629,6,광주광역시 동구 학동 629-6,2.91E+11,광주광역시 동구 남문로,739,,2.91E+24,,광주광역시 동구 남문로 739,501845,61456,,1,,126.925786,35.13599362
12050194,에스엔케이치과의원,,S,의료,S01,병원,S01B04,치과의원,Q86202,치과 의원,29,광주광역시,29110,동구,2911068500,학동,2911012200,학동,2.91E+18,1,대지,65,6,광주광역시 동구 학동 65-6,2.91E+11,광주광역시 동구 제봉로,19,,2.91E+24,,광주광역시 동구 제봉로 19,501841,61489,,1,,126.9217426,35.14056383
15803454,이상명내과의원,,S,의료,S01,병원,S01B07,내과/외과,Q86201,일반 의원,29,광주광역시,29110,동구,2911068500,학동,2911012200,학동,2.91E+18,1,대지,65,8,광주광역시 동구 학동 65-8,2.91E+11,광주광역시 동구 제봉로,21,,2.91E+24,,광주광역시 동구 제봉로 21,501841,61489,,,,126.9216645,35.14066229
21237005,현동물병원,,S,의료,S04,수의업,S04A01,수의업-종합,M73100,수의업,29,광주광역시,29110,동구,2911068500,학동,2911012200,학동,2.91E+18,1,대지,658,1,광주광역시 동구 학동 658-1,2.91E+11,광주광역시 동구 남문로,730,,2.91E+24,,광주광역시 동구 남문로 730,501846,61457,,,,126.9268463,35.13547119
20542387,무진한의원,,S,의료,S01,병원,S01B06,한의원,Q86203,한의원,29,광주광역시,29110,동구,2911068500,학동,2911012200,학동,2.91E+18,1,대지,66,3,광주광역시 동구 학동 66-3,2.91E+11,광주광역시 동구 제봉로,25,2,2.91E+24,,광주광역시 동구 제봉로 25-2,501841,61489,,2,,126.9213628,35.14107424
23904403,문송수의원,,S,의료,S01,병원,S01B07,내과/외과,Q86201,일반 의원,29,광주광역시,29110,동구,2911068500,학동,2911012200,학동,2.91E+18,1,대지,664,36,광주광역시 동구 학동 664-36,2.91E+11,광주광역시 동구 남문로,714,,2.91E+24,,광주광역시 동구 남문로 714,501846,61457,,,,126.9279269,35.13422782
21253591,문송수소아과,,S,의료,S01,병원,S01B11,소아과,Q86201,일반 의원,29,광주광역시,29110,동구,2911068500,학동,2911012200,학동,2.91E+18,1,대지,664,36,광주광역시 동구 학동 664-36,2.91E+11,광주광역시 동구 남문로,714,,2.91E+24,,광주광역시 동구 남문로 714,501846,61457,,,,126.9279269,35.13422782
21523328,광제한의원,,S,의료,S01,병원,S01B06,한의원,Q86203,한의원,29,광주광역시,29110,동구,2911068500,학동,2911012200,학동,2.91E+18,1,대지,664,36,광주광역시 동구 학동 664-36,2.91E+11,광주광역시 동구 남문로,714,,2.91E+24,,광주광역시 동구 남문로 714,501846,61457,,,,126.9279269,35.13422782
22758521,신약국,,S,의료,S02,약국/한약방,S02A01,약국,G47811,의약품 및 의료용품 소매업,29,광주광역시,29110,동구,2911068500,학동,2911012200,학동,2.91E+18,1,대지,664,36,광주광역시 동구 학동 664-36,2.91E+11,광주광역시 동구 남문로,714,,2.91E+24,,광주광역시 동구 남문로 714,501846,61457,,,1,126.9279269,35.13422782
26156200,문송수소아과,,S,의료,S01,병원,S01B07,내과/외과,Q86201,일반 의원,29,광주광역시,29110,동구,2911068500,학동,2911012200,학동,2.91E+18,1,대지,664,5,광주광역시 동구 학동 664-5,2.91E+11,광주광역시 동구 남문로,716,5,2.91E+24,,광주광역시 동구 남문로 716-5,501846,61457,,,,126.9277811,35.1344699
23070061,알파통증의학과,,S,의료,S01,병원,S01B99,기타병원,,,29,광주광역시,29110,동구,2911068500,학동,2911012200,학동,2.91E+18,1,대지,67,,광주광역시 동구 학동 67,2.91E+11,광주광역시 동구 제봉로,27,,2.91E+24,,광주광역시 동구 제봉로 27,501841,61489,,2,,126.9211537,35.14111745
16200940,오피스알파,마취통증의학과의원,S,의료,S01,병원,S01B99,기타병원,,,29,광주광역시,29110,동구,2911068500,학동,2911012200,학동,2.91E+18,1,대지,67,,광주광역시 동구 학동 67,2.91E+11,광주광역시 동구 제봉로,27,,2.91E+24,,광주광역시 동구 제봉로 27,501841,61489,,,202,126.9211537,35.14111745
14317293,광주응급환자이송수단,,S,의료,S03,유사의료업,S03B01,응급구조대,Q86901,앰뷸런스 서비스업,29,광주광역시,29110,동구,2911068500,학동,2911012200,학동,2.91E+18,1,대지,71,3,광주광역시 동구 학동 71-3,2.91E+11,광주광역시 동구 양림로119번길,7,,2.91E+24,,광주광역시 동구 양림로119번길 7,501841,61489,,,301,126.9202076,35.14046904
24401651,수한의원,,S,의료,S01,병원,S01B06,한의원,Q86203,한의원,29,광주광역시,29110,동구,2911071000,학운동,2911012200,학동,2.91E+18,1,대지,728,3,광주광역시 동구 학동 728-3,2.91E+11,광주광역시 동구 의재로,60,,2.91E+24,,광주광역시 동구 의재로 60,501846,61462,,2,,126.9342096,35.13205679
21168215,샘솟는아동청소년발달심리상담연구소,,S,의료,S03,유사의료업,S03B07,언어치료,Q86902,유사 의료업,29,광주광역시,29110,동구,2911071000,학운동,2911012200,학동,2.91E+18,1,대지,737,3,광주광역시 동구 학동 737-3,2.91E+11,광주광역시 동구 의재로,23,1,2.91E+24,,광주광역시 동구 의재로 23-1,501847,61459,,5,,126.9301033,35.13310228
26169904,미치과,,S,의료,S01,병원,S01B04,치과의원,Q86202,치과 의원,29,광주광역시,29110,동구,2911071000,학운동,2911012200,학동,2.91E+18,1,대지,737,3,광주광역시 동구 학동 737-3,2.91E+11,광주광역시 동구 의재로,23,1,2.91E+24,,광주광역시 동구 의재로 23-1,501847,61459,,2,,126.9301033,35.13310228
23870058,대신치과기재상사,,S,의료,S01,병원,S01B04,치과의원,Q86202,치과 의원,29,광주광역시,29110,동구,2911071000,학운동,2911012200,학동,2.91E+18,1,대지,750,,광주광역시 동구 학동 750,2.91E+11,광주광역시 동구 남문로,686,,2.91E+24,,광주광역시 동구 남문로 686,501847,61463,,1,75,126.9295004,35.13221359
23999055,전남피부과의원,,S,의료,S01,병원,S01B07,내과/외과,Q86201,일반 의원,29,광주광역시,29110,동구,2911071000,학운동,2911012200,학동,2.91E+18,1,대지,750,4,광주광역시 동구 학동 750-4,2.91E+11,광주광역시 동구 남문로,664,,2.91E+24,,광주광역시 동구 남문로 664,501847,61463,,,,126.9298684,35.13008955
23755908,굿젠메디칼의원,,S,의료,S01,병원,S01B07,내과/외과,Q86201,일반 의원,29,광주광역시,29110,동구,2911071000,학운동,2911012200,학동,2.91E+18,1,대지,750,73,광주광역시 동구 학동 750-73,2.91E+11,광주광역시 동구 남문로,678,,2.91E+24,,광주광역시 동구 남문로 678,501847,61463,,2,,126.9294029,35.13128429
21234579,이동훈이비인후과,,S,의료,S01,병원,S01B07,내과/외과,Q86201,일반 의원,29,광주광역시,29110,동구,2911071000,학운동,2911012200,학동,2.91E+18,1,대지,750,74,광주광역시 동구 학동 750-74,2.91E+11,광주광역시 동구 남문로,674,,2.91E+24,,광주광역시 동구 남문로 674,501847,61463,,,,126.9295389,35.13095198
12544221,우리아이소아청소년과의원,,S,의료,S01,병원,S01B07,내과/외과,Q86201,일반 의원,29,광주광역시,29110,동구,2911068500,학동,2911012200,학동,2.91E+18,1,대지,757,2,광주광역시 동구 학동 757-2,2.91E+11,광주광역시 동구 남문로,663,,2.91E+24,,광주광역시 동구 남문로 663,501847,61464,,7,,126.9293551,35.12990473
12589758,학동우리들약국,,S,의료,S02,약국/한약방,S02A01,약국,G47811,의약품 및 의료용품 소매업,29,광주광역시,29110,동구,2911068500,학동,2911012200,학동,2.91E+18,1,대지,757,2,광주광역시 동구 학동 757-2,2.91E+11,광주광역시 동구 남문로,663,,2.91E+24,,광주광역시 동구 남문로 663,501847,61464,,1,,126.9293551,35.12990473
12051698,단비의원,,S,의료,S01,병원,S01B99,기타병원,,,29,광주광역시,29110,동구,2911071000,학운동,2911012200,학동,2.91E+18,1,대지,768,,광주광역시 동구 학동 768,2.91E+11,광주광역시 동구 학소로,125,,2.91E+24,평화맨션,광주광역시 동구 학소로 125,501847,61463,,2,,126.9312047,35.13194019
28399216,한가족의원,,S,의료,S01,병원,S01B99,기타병원,,,29,광주광역시,29110,동구,2911071000,학운동,2911012200,학동,2.91E+18,1,대지,780,10,광주광역시 동구 학동 780-10,2.91E+11,광주광역시 동구 학소로,134,,2.91E+24,,광주광역시 동구 학소로 134,501844,61462,,2,,126.932319,35.13147227
24761867,전남의대순환기내과학교실우심재단,,S,의료,S01,병원,S01B07,내과/외과,Q86201,일반 의원,29,광주광역시,29110,동구,2911068500,학동,2911012200,학동,2.91E+18,1,대지,8,,광주광역시 동구 학동 8,2.91E+11,광주광역시 동구 제봉로,42,,2.91E+24,전남대학교병원,광주광역시 동구 제봉로 42,501757,61469,7,2,,126.9220089,35.14200843
19905881,전대병원,,S,의료,S01,병원,S01B01,종합병원,Q86101,종합 병원,29,광주광역시,29110,동구,2911068500,학동,2911012200,학동,2.91E+18,1,대지,8,,광주광역시 동구 학동 8,2.91E+11,광주광역시 동구 제봉로,42,,2.91E+24,전남대학교병원,광주광역시 동구 제봉로 42,501757,61469,,,,126.9220089,35.14200843
25059465,남강전남의대외과학연구장학재단,,S,의료,S01,병원,S01B07,내과/외과,Q86201,일반 의원,29,광주광역시,29110,동구,2911068500,학동,2911012200,학동,2.91E+18,1,대지,8,,광주광역시 동구 학동 8,2.91E+11,광주광역시 동구 제봉로,42,,2.91E+24,전남대학교병원,광주광역시 동구 제봉로 42,501757,61469,5,2,,126.9220089,35.14200843
12480271,전남의대신경외과학교실연구장학재단,,S,의료,S01,병원,S01B15,신경외과,Q86201,일반 의원,29,광주광역시,29110,동구,2911068500,학동,2911012200,학동,2.91E+18,1,대지,8,,광주광역시 동구 학동 8,2.91E+11,광주광역시 동구 제봉로,42,,2.91E+24,전남대학교병원,광주광역시 동구 제봉로 42,501757,61469,5,2,,126.9220089,35.14200843
23922539,약초당한약국,,S,의료,S02,약국/한약방,S02A01,약국,G47811,의약품 및 의료용품 소매업,29,광주광역시,29110,동구,2911068500,학동,2911012200,학동,2.91E+18,1,대지,85,7,광주광역시 동구 학동 85-7,2.91E+11,광주광역시 동구 양림로,112,,2.91E+24,,광주광역시 동구 양림로 112,501841,61490,,2,,126.9204388,35.13957872
24692837,꼴통,,S,의료,S04,수의업,S04A01,수의업-종합,M73100,수의업,29,광주광역시,29110,동구,2911068500,학동,2911012200,학동,2.91E+18,1,대지,858,5,광주광역시 동구 학동 858-5,2.91E+11,광주광역시 동구 남문로,671,,2.91E+24,,광주광역시 동구 남문로 671,501848,61464,,,,126.9291267,35.13058778
24686703,온누리다솜의료소비자생활협동조,,S,의료,S01,병원,S01B02,일반병원,Q86102,일반 병원,29,광주광역시,29110,동구,2911068500,학동,2911012200,학동,2.91E+18,1,대지,868,4,광주광역시 동구 학동 868-4,2.91E+11,광주광역시 동구 남문로,689,,2.91E+24,해피뷰삼성메디타워,광주광역시 동구 남문로 689,501848,61464,,,301,126.9283258,35.13225729
23028746,다솜의원,,S,의료,S01,병원,S01B02,일반병원,Q86102,일반 병원,29,광주광역시,29110,동구,2911068500,학동,2911012200,학동,2.91E+18,1,대지,868,4,광주광역시 동구 학동 868-4,2.91E+11,광주광역시 동구 남문로,689,,2.91E+24,해피뷰삼성메디타워,광주광역시 동구 남문로 689,501848,61464,,,3,126.9283258,35.13225729
21276839,즐거운약국,,S,의료,S02,약국/한약방,S02A01,약국,G47811,의약품 및 의료용품 소매업,29,광주광역시,29110,동구,2911071000,학운동,2911012200,학동,2.91E+18,1,대지,870,8,광주광역시 동구 학동 870-8,2.91E+11,광주광역시 동구 남문로,692,1,2.91E+24,,광주광역시 동구 남문로 692-1,501848,61463,,,,126.928838,35.13252322
27760320,한국덴타믹치과기공소,,S,의료,S03,유사의료업,S03B06,치과기공소,C27192,정형외과용 및 신체보정용 기기 제조업,29,광주광역시,29110,동구,2911071000,학운동,2911012200,학동,2.91E+18,1,대지,870,8,광주광역시 동구 학동 870-8,2.91E+11,광주광역시 동구 남문로,692,1,2.91E+24,,광주광역시 동구 남문로 692-1,501848,61463,,2,,126.928838,35.13252322
28402369,성모마취통증의학과의원,,S,의료,S01,병원,S01B99,기타병원,,,29,광주광역시,29110,동구,2911071000,학운동,2911012200,학동,2.91E+18,1,대지,870,8,광주광역시 동구 학동 870-8,2.91E+11,광주광역시 동구 남문로,692,1,2.91E+24,,광주광역시 동구 남문로 692-1,501848,61463,,2,,126.928838,35.13252322
12052804,성모마취통증학과의원,,S,의료,S01,병원,S01B99,기타병원,,,29,광주광역시,29110,동구,2911071000,학운동,2911012200,학동,2.91E+18,1,대지,870,8,광주광역시 동구 학동 870-8,2.91E+11,광주광역시 동구 남문로,692,1,2.91E+24,,광주광역시 동구 남문로 692-1,501848,61463,,2,,126.928838,35.13252322
12051332,중앙약국,,S,의료,S02,약국/한약방,S02A01,약국,G47811,의약품 및 의료용품 소매업,29,광주광역시,29110,동구,2911071000,학운동,2911012200,학동,2.91E+18,1,대지,872,9,광주광역시 동구 학동 872-9,2.91E+11,광주광역시 동구 남문로,694,14,2.91E+24,,광주광역시 동구 남문로 694-14,501848,61463,,1,,126.9292534,35.13264408
21352336,남도한약방,,S,의료,S01,병원,S01B06,한의원,Q86203,한의원,29,광주광역시,29110,동구,2911071000,학운동,2911012200,학동,2.91E+18,1,대지,873,21,광주광역시 동구 학동 873-21,2.91E+11,광주광역시 동구 의재로,9,1,2.91E+24,,광주광역시 동구 의재로 9-1,501848,61459,,,,126.9289482,35.13332644
28119526,기홍석안과의원,,S,의료,S01,병원,S01B13,안과의원,Q86201,일반 의원,29,광주광역시,29110,동구,2911071000,학운동,2911012200,학동,2.91E+18,1,대지,874,4,광주광역시 동구 학동 874-4,2.91E+11,광주광역시 동구 남문로,698,,2.91E+24,,광주광역시 동구 남문로 698,501848,61463,,4,,126.928668,35.13293636
27866380,서정치과의원,,S,의료,S01,병원,S01B04,치과의원,Q86202,치과 의원,29,광주광역시,29110,동구,2911071000,학운동,2911012200,학동,2.91E+18,1,대지,874,4,광주광역시 동구 학동 874-4,2.91E+11,광주광역시 동구 남문로,698,,2.91E+24,,광주광역시 동구 남문로 698,501848,61463,,,,126.928668,35.13293636
21261701,전남피부과의원,,S,의료,S01,병원,S01B07,내과/외과,Q86201,일반 의원,29,광주광역시,29110,동구,2911068500,학동,2911012200,학동,2.91E+18,1,대지,876,11,광주광역시 동구 학동 876-11,2.91E+11,광주광역시 동구 남문로,699,,2.91E+24,,광주광역시 동구 남문로 699,501848,61458,,,,126.928031,35.13298481
20461101,체질건강약국,,S,의료,S02,약국/한약방,S02A01,약국,G47811,의약품 및 의료용품 소매업,29,광주광역시,29110,동구,2911052500,충장동,2911011500,호남동,2.91E+18,1,대지,23,1,광주광역시 동구 호남동 23-1,2.91E+11,광주광역시 동구 천변우로,363,20,2.91E+24,,광주광역시 동구 천변우로 363-20,501120,61479,,12,,126.9117983,35.14815479
26326453,온누리건강약국,,S,의료,S02,약국/한약방,S02A01,약국,G47811,의약품 및 의료용품 소매업,29,광주광역시,29110,동구,2911052500,충장동,2911011500,호남동,2.91E+18,1,대지,30,1,광주광역시 동구 호남동 30-1,2.91E+11,광주광역시 동구 중앙로,149,,2.91E+24,,광주광역시 동구 중앙로 149,501120,61479,,1,,126.9123183,35.14784397
23512740,엘리스의원피부과,,S,의료,S01,병원,S01B16,피부과,Q86201,일반 의원,29,광주광역시,29110,동구,2911052500,충장동,2911011500,호남동,2.91E+18,1,대지,35,3,광주광역시 동구 호남동 35-3,2.91E+11,광주광역시 동구 중앙로,157,,2.91E+24,,광주광역시 동구 중앙로 157,501120,61479,,2,,126.9130149,35.14827388
26244573,세일약국,,S,의료,S02,약국/한약방,S02A01,약국,G47811,의약품 및 의료용품 소매업,29,광주광역시,29110,동구,2911052500,충장동,2911011500,호남동,2.91E+18,1,대지,35,3,광주광역시 동구 호남동 35-3,2.91E+11,광주광역시 동구 중앙로,157,,2.91E+24,,광주광역시 동구 중앙로 157,501120,61479,,1,,126.9130149,35.14827388
11812241,애견11번가,,S,의료,S04,수의업,S04A01,수의업-종합,M73100,수의업,29,광주광역시,29110,동구,2911052500,충장동,2911011500,호남동,2.91E+18,1,대지,48,1,광주광역시 동구 호남동 48-1,2.91E+11,광주광역시 동구 천변우로,383,,2.91E+24,,광주광역시 동구 천변우로 383,501120,61484,,,,126.9124528,35.14680858
21176981,동제한의원,,S,의료,S01,병원,S01B06,한의원,Q86203,한의원,29,광주광역시,29110,동구,2911052500,충장동,2911011500,호남동,2.91E+18,1,대지,5,4,광주광역시 동구 호남동 5-4,2.91E+11,광주광역시 동구 천변우로,361,18,2.91E+24,,광주광역시 동구 천변우로 361-18,501120,61479,,1,,126.9116899,35.14888394
12596471,신세움한방병원,,S,의료,S01,병원,S01B05,한방병원,Q86104,한방 병원,29,광주광역시,29110,동구,2911052500,충장동,2911011500,호남동,2.91E+18,1,대지,63,1,광주광역시 동구 호남동 63-1,2.91E+11,광주광역시 동구 천변우로,393,3,2.91E+24,,광주광역시 동구 천변우로 393-3,501120,61484,,2,,126.9130523,35.14629115
12294576,중앙피부과,,S,의료,S01,병원,S01B16,피부과,Q86201,일반 의원,29,광주광역시,29110,동구,2911052500,충장동,2911011500,호남동,2.91E+18,1,대지,72,2,광주광역시 동구 호남동 72-2,2.91E+11,광주광역시 동구 중앙로160번길,10,,2.91E+24,,광주광역시 동구 중앙로160번길 10,501120,61484,,3,,126.9140665,35.14759825
21163684,박종수치과의원,,S,의료,S01,병원,S01B03,치과병원,Q86103,치과 병원,29,광주광역시,29110,동구,2911052500,충장동,2911011700,황금동,2.91E+18,1,대지,5,11,광주광역시 동구 황금동 5-11,2.91E+11,광주광역시 동구 중앙로,162,,2.91E+24,,광주광역시 동구 중앙로 162,501110,61483,,2,,126.9135527,35.14826969
21222296,오흥식피부비뇨기과,,S,의료,S01,병원,S01B12,비뇨기과,Q86201,일반 의원,29,광주광역시,29110,동구,2911052500,충장동,2911011700,황금동,2.91E+18,1,대지,5,9,광주광역시 동구 황금동 5-9,2.91E+11,광주광역시 동구 중앙로,164,,2.91E+24,,광주광역시 동구 중앙로 164,501110,61483,,2,,126.9137258,35.14846053
24487091,장춘당한약,,S,의료,S01,병원,S01B06,한의원,Q86203,한의원,29,광주광역시,29110,동구,2911052500,충장동,2911011700,황금동,2.91E+18,1,대지,79,5,광주광역시 동구 황금동 79-5,2.91E+11,광주광역시 동구 서석로,31,,2.91E+24,,광주광역시 동구 서석로 31,501110,61483,,,,126.9170143,35.14626353
12261984,장춘당한약방,,S,의료,S02,약국/한약방,S02A02,한약방,G47811,의약품 및 의료용품 소매업,29,광주광역시,29110,동구,2911052500,충장동,2911011700,황금동,2.91E+18,1,대지,79,5,광주광역시 동구 황금동 79-5,2.91E+11,광주광역시 동구 서석로,31,,2.91E+24,,광주광역시 동구 서석로 31,501110,61483,,2,,126.9170143,35.14626353